age,gender,screen_time,sleep_hours,sleep_quality,stress_level,mood_score,cognitive_score,difficulty_concentrating,fatigue_score,source,age_norm,screen_time_norm,sleep_quality_norm,stress_level_norm,mood_score_norm,cognitive_score_norm
23,Male,9.0,6.0,5.0,5.0,5.0,5.0,5.0,5.0,survey,0.20588235294117652,0.34782608695652173,0.4444444444444445,0.4444444444444445,0.4444444444444445,0.4701986754966888
29,Female,8.0,9.0,6.0,7.0,6.0,5.55,5.0,4.0,survey,0.38235294117647056,0.30434782608695654,0.5555555555555556,0.6666666666666665,0.5555555555555556,0.543046357615894
23,Male,6.0,5.0,6.0,1.0,8.0,4.85,7.0,5.0,survey,0.20588235294117652,0.21739130434782608,0.5555555555555556,0.0,0.7777777777777777,0.45033112582781454
24,Male,10.0,4.0,3.0,8.0,2.0,5.45,1.0,7.0,survey,0.23529411764705876,0.3913043478260869,0.2222222222222222,0.7777777777777777,0.1111111111111111,0.5298013245033114
24,Male,3.0,7.0,9.0,3.0,8.0,7.1,2.0,5.0,survey,0.23529411764705876,0.08695652173913043,0.8888888888888888,0.2222222222222222,0.7777777777777777,0.7483443708609272
24,Male,7.0,8.0,7.0,9.0,3.0,3.15,8.0,5.0,survey,0.23529411764705876,0.26086956521739135,0.6666666666666665,0.8888888888888888,0.2222222222222222,0.2251655629139073
27,Female,2.5,7.0,8.0,6.0,8.0,4.85,7.0,5.0,survey,0.32352941176470584,0.06521739130434782,0.7777777777777777,0.5555555555555556,0.7777777777777777,0.45033112582781454
22,Male,8.0,5.0,5.0,7.0,4.0,3.85,7.0,5.0,survey,0.17647058823529416,0.30434782608695654,0.4444444444444445,0.6666666666666665,0.3333333333333333,0.3178807947019868
22,Male,10.0,7.0,10.0,8.0,7.0,5.5,5.0,5.0,survey,0.17647058823529416,0.3913043478260869,1.0,0.7777777777777777,0.6666666666666665,0.5364238410596027
23,Male,8.0,6.0,4.0,6.0,4.0,4.75,5.0,5.0,survey,0.20588235294117652,0.30434782608695654,0.3333333333333333,0.5555555555555556,0.3333333333333333,0.4370860927152319
24,Male,4.0,6.0,7.0,6.0,4.0,5.2,4.0,5.0,survey,0.23529411764705876,0.13043478260869565,0.6666666666666665,0.5555555555555556,0.3333333333333333,0.4966887417218544
23,Female,9.0,6.0,5.0,10.0,9.0,3.0,9.0,9.0,survey,0.20588235294117652,0.34782608695652173,0.4444444444444445,1.0,0.8888888888888888,0.20529801324503313
35,Female,8.0,5.0,5.0,9.0,5.0,3.8,5.0,9.0,survey,0.5588235294117646,0.30434782608695654,0.4444444444444445,0.8888888888888888,0.4444444444444445,0.3112582781456954
25,Male,5.0,7.0,8.0,7.0,1.0,5.8,1.0,5.0,survey,0.2647058823529411,0.17391304347826086,0.7777777777777777,0.6666666666666665,0.0,0.576158940397351
23,Female,8.0,6.5,5.0,9.0,4.0,5.05,3.0,7.0,survey,0.20588235294117652,0.30434782608695654,0.4444444444444445,0.8888888888888888,0.3333333333333333,0.4768211920529801
23,Female,3.0,3.0,10.0,5.0,5.0,5.9,5.0,2.0,survey,0.20588235294117652,0.08695652173913043,1.0,0.4444444444444445,0.4444444444444445,0.5894039735099339
22,Female,6.0,5.0,5.0,5.0,7.0,5.5,5.0,5.0,survey,0.17647058823529416,0.21739130434782608,0.4444444444444445,0.4444444444444445,0.6666666666666665,0.5364238410596027
22,Male,7.0,5.5,3.0,6.0,7.0,4.0,7.0,7.0,survey,0.17647058823529416,0.26086956521739135,0.2222222222222222,0.5555555555555556,0.6666666666666665,0.337748344370861
22,Male,15.0,9.0,4.0,9.0,1.0,1.6,7.0,10.0,survey,0.17647058823529416,0.6086956521739131,0.3333333333333333,0.8888888888888888,0.0,0.01986754966887419
24,Female,3.0,8.0,8.0,8.0,5.0,4.7,5.0,6.0,survey,0.23529411764705876,0.08695652173913043,0.7777777777777777,0.7777777777777777,0.4444444444444445,0.4304635761589405
24,Male,9.0,6.0,4.0,7.0,5.0,2.9,9.0,6.0,survey,0.23529411764705876,0.34782608695652173,0.3333333333333333,0.6666666666666665,0.4444444444444445,0.19205298013245034
24,Male,10.0,7.0,8.0,4.0,5.0,3.05,10.0,4.0,survey,0.23529411764705876,0.3913043478260869,0.7777777777777777,0.3333333333333333,0.4444444444444445,0.2119205298013245
20,Female,5.0,9.0,10.0,3.0,10.0,5.35,5.0,8.0,survey,0.11764705882352944,0.17391304347826086,1.0,0.2222222222222222,1.0,0.5165562913907285
27,Male,5.0,7.0,8.0,3.0,6.0,6.75,3.0,3.0,survey,0.32352941176470584,0.17391304347826086,0.7777777777777777,0.2222222222222222,0.5555555555555556,0.7019867549668876
22,Male,9.0,5.0,3.0,5.0,5.0,4.55,6.0,5.0,survey,0.17647058823529416,0.34782608695652173,0.2222222222222222,0.4444444444444445,0.4444444444444445,0.4105960264900662
28,Male,3.0,7.0,6.0,5.0,3.0,4.95,4.0,5.0,survey,0.3529411764705882,0.08695652173913043,0.5555555555555556,0.4444444444444445,0.2222222222222222,0.4635761589403975
21,Female,8.0,7.0,5.0,9.0,7.0,5.05,4.0,8.0,survey,0.1470588235294118,0.30434782608695654,0.4444444444444445,0.8888888888888888,0.6666666666666665,0.4768211920529801
23,Male,11.0,8.0,9.0,7.0,5.0,4.25,8.0,3.0,survey,0.20588235294117652,0.4347826086956522,0.8888888888888888,0.6666666666666665,0.4444444444444445,0.3708609271523179
27,Male,4.0,8.0,8.0,5.0,5.0,3.5,7.0,7.0,survey,0.32352941176470584,0.13043478260869565,0.7777777777777777,0.4444444444444445,0.4444444444444445,0.2715231788079471
23,Male,12.0,6.0,7.0,6.0,7.0,7.45,2.0,3.0,survey,0.20588235294117652,0.4782608695652174,0.6666666666666665,0.5555555555555556,0.6666666666666665,0.7947019867549671
23,Female,10.0,10.0,8.0,4.0,4.0,4.45,5.0,6.0,survey,0.20588235294117652,0.3913043478260869,0.7777777777777777,0.3333333333333333,0.3333333333333333,0.3973509933774836
23,Male,7.0,7.0,8.0,9.0,5.0,3.05,6.0,10.0,survey,0.20588235294117652,0.26086956521739135,0.7777777777777777,0.8888888888888888,0.4444444444444445,0.2119205298013245
18,Male,7.5,6.0,2.0,1.0,5.0,7.55,2.0,1.0,survey,0.05882352941176472,0.28260869565217395,0.1111111111111111,0.0,0.4444444444444445,0.8079470198675497
21,Male,5.0,6.0,8.0,3.0,8.0,5.15,7.0,4.0,survey,0.1470588235294118,0.17391304347826086,0.7777777777777777,0.2222222222222222,0.7777777777777777,0.4900662251655631
24,Male,5.6,6.0,7.0,3.0,9.0,6.3,5.0,4.0,survey,0.23529411764705876,0.19999999999999998,0.6666666666666665,0.2222222222222222,0.8888888888888888,0.642384105960265
24,Male,7.0,9.0,8.0,4.0,9.0,5.4,5.0,7.0,survey,0.23529411764705876,0.26086956521739135,0.7777777777777777,0.3333333333333333,0.8888888888888888,0.52317880794702
20,Female,8.0,8.0,8.0,4.0,5.0,6.2,3.0,4.0,survey,0.11764705882352944,0.30434782608695654,0.7777777777777777,0.3333333333333333,0.4444444444444445,0.6291390728476822
23,Male,5.0,7.0,8.0,4.0,5.0,4.1,7.0,5.0,survey,0.20588235294117652,0.17391304347826086,0.7777777777777777,0.3333333333333333,0.4444444444444445,0.3509933774834437
23,Male,6.0,5.3,5.0,5.0,1.0,3.85,8.0,1.0,survey,0.20588235294117652,0.21739130434782608,0.4444444444444445,0.4444444444444445,0.0,0.3178807947019868
16,Female,12.0,8.0,5.0,8.0,3.0,1.65,10.0,7.0,survey,0.0,0.4782608695652174,0.4444444444444445,0.7777777777777777,0.2222222222222222,0.02649006622516556
23,Male,7.0,5.5,6.0,4.0,6.0,5.1,4.0,7.0,survey,0.20588235294117652,0.26086956521739135,0.5555555555555556,0.3333333333333333,0.5555555555555556,0.48344370860927155
19,Male,5.0,10.0,10.0,10.0,10.0,2.5,10.0,10.0,survey,0.08823529411764708,0.17391304347826086,1.0,1.0,1.0,0.13907284768211922
24,Male,5.5,6.6,8.0,5.0,9.0,5.4,7.0,4.0,survey,0.23529411764705876,0.1956521739130435,0.7777777777777777,0.4444444444444445,0.8888888888888888,0.52317880794702
26,Female,7.0,7.0,5.0,10.0,4.0,1.45,9.0,10.0,survey,0.2941176470588235,0.26086956521739135,0.4444444444444445,1.0,0.3333333333333333,0.0
25,Male,5.0,6.0,7.0,9.0,2.0,2.0,10.0,5.0,survey,0.2647058823529411,0.17391304347826086,0.6666666666666665,0.8888888888888888,0.1111111111111111,0.07284768211920531
25,Male,3.0,6.0,7.0,8.0,6.0,4.35,7.0,5.0,survey,0.2647058823529411,0.08695652173913043,0.6666666666666665,0.7777777777777777,0.5555555555555556,0.3841059602649006
22,Male,7.0,5.0,6.0,3.0,5.0,4.7,5.0,6.0,survey,0.17647058823529416,0.26086956521739135,0.5555555555555556,0.2222222222222222,0.4444444444444445,0.4304635761589405
32,Male,10.0,6.0,6.0,6.0,6.0,6.45,3.0,4.0,survey,0.47058823529411764,0.3913043478260869,0.5555555555555556,0.5555555555555556,0.5555555555555556,0.6622516556291392
24,Male,7.0,7.0,9.0,9.0,6.0,3.6,6.0,9.0,survey,0.23529411764705876,0.26086956521739135,0.8888888888888888,0.8888888888888888,0.5555555555555556,0.2847682119205298
23,Male,3.0,6.0,6.0,4.0,9.0,5.4,5.0,7.0,survey,0.20588235294117652,0.08695652173913043,0.5555555555555556,0.3333333333333333,0.8888888888888888,0.52317880794702
25,Male,4.3,8.0,7.0,7.0,3.0,4.2,5.0,6.0,survey,0.2647058823529411,0.1434782608695652,0.6666666666666665,0.6666666666666665,0.2222222222222222,0.3642384105960266
30,Male,4.0,7.0,7.0,3.0,10.0,7.75,3.0,3.0,survey,0.4117647058823529,0.13043478260869565,0.6666666666666665,0.2222222222222222,1.0,0.8344370860927154
21,Female,11.0,7.0,5.0,7.0,3.0,3.75,6.0,6.0,survey,0.1470588235294118,0.4347826086956522,0.4444444444444445,0.6666666666666665,0.2222222222222222,0.304635761589404
23,Male,14.5,5.0,5.0,5.0,3.0,2.55,8.0,7.0,survey,0.20588235294117652,0.5869565217391305,0.4444444444444445,0.4444444444444445,0.2222222222222222,0.1456953642384106
24,Male,8.0,5.5,6.0,7.0,6.0,4.5,6.0,6.0,survey,0.23529411764705876,0.30434782608695654,0.5555555555555556,0.6666666666666665,0.5555555555555556,0.4039735099337749
25,Male,15.0,6.0,5.0,7.0,5.0,4.55,6.0,5.0,survey,0.2647058823529411,0.6086956521739131,0.4444444444444445,0.6666666666666665,0.4444444444444445,0.4105960264900662
23,Male,3.5,6.0,6.0,6.0,5.0,4.25,6.0,6.0,survey,0.20588235294117652,0.10869565217391305,0.5555555555555556,0.5555555555555556,0.4444444444444445,0.3708609271523179
23,Female,6.0,8.0,8.0,7.0,6.0,4.95,5.0,6.0,survey,0.20588235294117652,0.21739130434782608,0.7777777777777777,0.6666666666666665,0.5555555555555556,0.4635761589403975
30,Male,6.0,7.0,8.0,3.0,8.0,6.5,2.0,7.0,survey,0.4117647058823529,0.21739130434782608,0.7777777777777777,0.2222222222222222,0.7777777777777777,0.6688741721854305
23,Male,6.5,6.0,5.0,4.0,7.0,7.45,2.0,3.0,survey,0.20588235294117652,0.23913043478260868,0.4444444444444445,0.3333333333333333,0.6666666666666665,0.7947019867549671
23,Male,5.0,7.0,10.0,1.0,10.0,6.55,1.0,10.0,survey,0.20588235294117652,0.17391304347826086,1.0,0.0,1.0,0.6754966887417219
24,Male,7.5,8.0,7.0,1.0,5.0,7.1,3.0,1.0,survey,0.23529411764705876,0.28260869565217395,0.6666666666666665,0.0,0.4444444444444445,0.7483443708609272
22,Male,5.0,8.0,5.0,3.0,1.0,5.65,4.0,1.0,survey,0.17647058823529416,0.17391304347826086,0.4444444444444445,0.2222222222222222,0.0,0.556291390728477
24,Male,7.0,7.0,6.0,4.0,8.0,4.85,5.0,8.0,survey,0.23529411764705876,0.26086956521739135,0.5555555555555556,0.3333333333333333,0.7777777777777777,0.45033112582781454
26,Male,10.0,7.0,7.0,8.0,7.0,4.6,5.0,8.0,survey,0.2941176470588235,0.3913043478260869,0.6666666666666665,0.7777777777777777,0.6666666666666665,0.41721854304635764
23,Male,9.0,5.0,5.0,6.0,5.0,4.7,5.0,6.0,survey,0.20588235294117652,0.34782608695652173,0.4444444444444445,0.5555555555555556,0.4444444444444445,0.4304635761589405
24,Male,11.0,7.0,8.0,5.0,8.0,6.65,3.0,5.0,survey,0.23529411764705876,0.4347826086956522,0.7777777777777777,0.4444444444444445,0.7777777777777777,0.6887417218543048
23,Male,7.0,7.0,7.0,3.0,7.0,5.95,4.0,5.0,survey,0.20588235294117652,0.26086956521739135,0.6666666666666665,0.2222222222222222,0.6666666666666665,0.5960264900662253
27,Female,5.0,7.0,9.0,7.0,5.0,4.85,6.0,4.0,survey,0.32352941176470584,0.17391304347826086,0.8888888888888888,0.6666666666666665,0.4444444444444445,0.45033112582781454
22,Male,5.0,5.0,4.0,6.0,4.0,5.95,3.0,4.0,survey,0.17647058823529416,0.17391304347826086,0.3333333333333333,0.5555555555555556,0.3333333333333333,0.5960264900662253
26,Male,5.0,6.0,7.0,6.0,7.0,5.8,3.0,7.0,survey,0.2941176470588235,0.17391304347826086,0.6666666666666665,0.5555555555555556,0.6666666666666665,0.576158940397351
24,Male,10.0,6.0,1.0,10.0,5.0,6.2,5.0,1.0,survey,0.23529411764705876,0.3913043478260869,0.0,1.0,0.4444444444444445,0.6291390728476822
20,Male,7.0,6.0,7.0,7.0,10.0,6.55,5.0,4.0,survey,0.11764705882352944,0.26086956521739135,0.6666666666666665,0.6666666666666665,1.0,0.6754966887417219
50,Male,24.0,7.0,2.0,3.0,4.0,6.55,3.0,2.0,survey,0.9999999999999999,1.0,0.1111111111111111,0.2222222222222222,0.3333333333333333,0.6754966887417219
21,Female,12.0,12.0,1.0,10.0,3.0,4.05,6.0,5.0,survey,0.1470588235294118,0.4782608695652174,0.0,1.0,0.2222222222222222,0.3443708609271523
21,Female,7.0,6.0,6.0,7.0,6.0,5.55,3.0,7.0,survey,0.1470588235294118,0.26086956521739135,0.5555555555555556,0.6666666666666665,0.5555555555555556,0.543046357615894
23,Female,9.0,7.0,7.0,10.0,3.0,2.55,6.0,10.0,survey,0.20588235294117652,0.34782608695652173,0.6666666666666665,1.0,0.2222222222222222,0.1456953642384106
26,Female,4.0,8.0,4.0,7.0,5.0,6.2,3.0,4.0,survey,0.2941176470588235,0.13043478260869565,0.3333333333333333,0.6666666666666665,0.4444444444444445,0.6291390728476822
23,Male,6.0,4.0,3.0,8.0,3.0,4.5,5.0,5.0,survey,0.20588235294117652,0.21739130434782608,0.2222222222222222,0.7777777777777777,0.2222222222222222,0.4039735099337749
19,Male,4.5,9.0,7.0,8.0,7.0,3.25,8.0,8.0,survey,0.08823529411764708,0.15217391304347824,0.6666666666666665,0.7777777777777777,0.6666666666666665,0.2384105960264901
18,Female,9.0,10.0,5.0,5.0,5.0,5.0,5.0,5.0,survey,0.05882352941176472,0.34782608695652173,0.4444444444444445,0.4444444444444445,0.4444444444444445,0.4701986754966888
19,Male,7.0,6.0,10.0,4.0,5.0,5.0,5.0,5.0,survey,0.08823529411764708,0.26086956521739135,1.0,0.3333333333333333,0.4444444444444445,0.4701986754966888
23,Male,8.9,10.0,8.0,5.0,2.0,2.9,8.0,5.0,survey,0.20588235294117652,0.34347826086956523,0.7777777777777777,0.4444444444444445,0.1111111111111111,0.19205298013245034
25,Male,6.0,7.0,10.0,1.0,10.0,8.05,1.0,5.0,survey,0.2647058823529411,0.21739130434782608,1.0,0.0,1.0,0.8741721854304637
24,Male,16.0,8.0,8.0,6.0,6.0,2.4,10.0,7.0,survey,0.23529411764705876,0.6521739130434783,0.7777777777777777,0.5555555555555556,0.5555555555555556,0.12582781456953643
18,Male,5.0,5.0,5.0,8.0,5.0,5.0,5.0,5.0,survey,0.05882352941176472,0.17391304347826086,0.4444444444444445,0.7777777777777777,0.4444444444444445,0.4701986754966888
24,Male,3.0,8.0,8.0,7.0,9.0,6.15,6.0,3.0,survey,0.23529411764705876,0.08695652173913043,0.7777777777777777,0.6666666666666665,0.8888888888888888,0.6225165562913909
17,Male,18.0,2.0,1.0,10.0,5.0,2.15,8.0,10.0,survey,0.02941176470588236,0.7391304347826086,0.0,1.0,0.4444444444444445,0.09271523178807947
23,Female,8.0,8.0,7.0,9.0,6.0,3.0,8.0,8.0,survey,0.20588235294117652,0.30434782608695654,0.6666666666666665,0.8888888888888888,0.5555555555555556,0.20529801324503313
22,Male,1.5,6.0,9.0,1.0,7.0,6.7,5.0,1.0,survey,0.17647058823529416,0.021739130434782608,0.8888888888888888,0.0,0.6666666666666665,0.6953642384105961
23,Male,7.0,7.0,8.0,8.0,7.0,5.05,6.0,5.0,survey,0.20588235294117652,0.26086956521739135,0.7777777777777777,0.7777777777777777,0.6666666666666665,0.4768211920529801
21,Male,8.0,7.0,6.0,7.0,5.0,4.7,5.0,6.0,survey,0.1470588235294118,0.30434782608695654,0.5555555555555556,0.6666666666666665,0.4444444444444445,0.4304635761589405
22,Male,9.0,8.0,8.0,4.0,8.0,6.5,4.0,4.0,survey,0.17647058823529416,0.34782608695652173,0.7777777777777777,0.3333333333333333,0.7777777777777777,0.6688741721854305
23,Male,6.0,6.0,5.0,5.0,10.0,4.0,10.0,5.0,survey,0.20588235294117652,0.21739130434782608,0.4444444444444445,0.4444444444444445,1.0,0.337748344370861
23,Female,9.0,5.0,3.0,8.0,5.0,3.2,7.0,8.0,survey,0.20588235294117652,0.34782608695652173,0.2222222222222222,0.7777777777777777,0.4444444444444445,0.23178807947019872
17,Male,10.0,6.0,5.0,2.0,5.0,4.25,8.0,3.0,survey,0.02941176470588236,0.3913043478260869,0.4444444444444445,0.1111111111111111,0.4444444444444445,0.3708609271523179
24,Male,4.0,7.0,4.0,7.0,4.0,4.9,4.0,6.0,survey,0.23529411764705876,0.13043478260869565,0.3333333333333333,0.6666666666666665,0.3333333333333333,0.4569536423841061
23,Male,13.0,6.0,7.0,3.0,8.0,6.2,4.0,5.0,survey,0.20588235294117652,0.5217391304347826,0.6666666666666665,0.2222222222222222,0.7777777777777777,0.6291390728476822
25,Male,10.0,7.0,9.0,6.0,5.0,5.45,4.0,5.0,survey,0.2647058823529411,0.3913043478260869,0.8888888888888888,0.5555555555555556,0.4444444444444445,0.5298013245033114
25,Male,10.0,7.0,6.0,9.0,6.0,4.8,6.0,5.0,survey,0.2647058823529411,0.3913043478260869,0.5555555555555556,0.8888888888888888,0.5555555555555556,0.4437086092715232
24,Male,8.0,8.0,10.0,1.0,5.0,6.2,5.0,1.0,survey,0.23529411764705876,0.30434782608695654,1.0,0.0,0.4444444444444445,0.6291390728476822
24,Male,7.0,6.0,6.0,8.0,3.0,5.1,3.0,6.0,survey,0.23529411764705876,0.26086956521739135,0.5555555555555556,0.7777777777777777,0.2222222222222222,0.48344370860927155
22,Female,16.0,8.0,10.0,1.0,5.0,5.3,5.0,4.0,survey,0.17647058823529416,0.6521739130434783,1.0,0.0,0.4444444444444445,0.5099337748344371
24,Male,10.0,6.0,6.0,3.0,6.0,4.8,4.0,8.0,survey,0.23529411764705876,0.3913043478260869,0.5555555555555556,0.2222222222222222,0.5555555555555556,0.4437086092715232
20,Female,6.0,9.0,7.0,7.0,5.0,5.0,5.0,5.0,survey,0.11764705882352944,0.21739130434782608,0.6666666666666665,0.6666666666666665,0.4444444444444445,0.4701986754966888
23,Male,15.0,7.0,7.0,9.0,8.0,6.5,4.0,4.0,survey,0.20588235294117652,0.6086956521739131,0.6666666666666665,0.8888888888888888,0.7777777777777777,0.6688741721854305
24,Male,5.5,10.0,5.0,8.0,5.0,6.8,1.0,5.0,survey,0.23529411764705876,0.1956521739130435,0.4444444444444445,0.7777777777777777,0.4444444444444445,0.7086092715231789
20,Male,8.5,6.0,8.0,5.0,7.0,5.05,6.0,5.0,survey,0.11764705882352944,0.32608695652173914,0.7777777777777777,0.4444444444444445,0.6666666666666665,0.4768211920529801
44,Male,3.1,,7.0,6.0,10.0,7.0,,,kaggle,0.823529411764706,0.09130434782608696,0.6666666666666665,0.5555555555555556,1.0,0.7350993377483445
30,Other,5.1,,7.0,8.0,10.0,6.0,,,kaggle,0.4117647058823529,0.17826086956521736,0.6666666666666665,0.7777777777777777,1.0,0.6026490066225166
23,Other,7.4,,6.0,7.0,6.0,4.5,,,kaggle,0.20588235294117652,0.27826086956521745,0.5555555555555556,0.6666666666666665,0.5555555555555556,0.4039735099337749
36,Female,5.7,,7.0,8.0,8.0,5.0,,,kaggle,0.5882352941176471,0.20434782608695654,0.6666666666666665,0.7777777777777777,0.7777777777777777,0.4701986754966888
34,Female,7.0,,4.0,7.0,8.0,5.5,,,kaggle,0.5294117647058824,0.26086956521739135,0.3333333333333333,0.6666666666666665,0.7777777777777777,0.5364238410596027
38,Male,6.6,,5.0,7.0,8.0,5.5,,,kaggle,0.6470588235294118,0.24347826086956517,0.4444444444444445,0.6666666666666665,0.7777777777777777,0.5364238410596027
26,Female,7.8,,4.0,8.0,7.0,4.5,,,kaggle,0.2941176470588235,0.29565217391304344,0.3333333333333333,0.7777777777777777,0.6666666666666665,0.4039735099337749
26,Female,7.4,,5.0,6.0,7.0,5.5,,,kaggle,0.2941176470588235,0.27826086956521745,0.4444444444444445,0.5555555555555556,0.6666666666666665,0.5364238410596027
39,Male,4.7,,7.0,7.0,9.0,6.0,,,kaggle,0.676470588235294,0.16086956521739132,0.6666666666666665,0.6666666666666665,0.8888888888888888,0.6026490066225166
39,Female,6.6,,6.0,8.0,7.0,4.5,,,kaggle,0.676470588235294,0.24347826086956517,0.5555555555555556,0.7777777777777777,0.6666666666666665,0.4039735099337749
18,Female,2.8,,7.0,6.0,7.0,5.5,,,kaggle,0.05882352941176472,0.07826086956521738,0.6666666666666665,0.5555555555555556,0.6666666666666665,0.5364238410596027
37,Other,5.4,,5.0,7.0,9.0,6.0,,,kaggle,0.6176470588235293,0.19130434782608696,0.4444444444444445,0.6666666666666665,0.8888888888888888,0.6026490066225166
17,Female,7.0,,7.0,10.0,8.0,4.0,,,kaggle,0.02941176470588236,0.26086956521739135,0.6666666666666665,1.0,0.7777777777777777,0.337748344370861
39,Female,5.7,,5.0,7.0,8.0,5.5,,,kaggle,0.676470588235294,0.20434782608695654,0.4444444444444445,0.6666666666666665,0.7777777777777777,0.5364238410596027
45,Male,6.3,,7.0,7.0,9.0,6.0,,,kaggle,0.8529411764705882,0.23043478260869563,0.6666666666666665,0.6666666666666665,0.8888888888888888,0.6026490066225166
17,Female,5.1,,7.0,6.0,10.0,7.0,,,kaggle,0.02941176470588236,0.17826086956521736,0.6666666666666665,0.5555555555555556,1.0,0.7350993377483445
36,Female,7.5,,5.0,8.0,7.0,4.5,,,kaggle,0.5882352941176471,0.28260869565217395,0.4444444444444445,0.7777777777777777,0.6666666666666665,0.4039735099337749
48,Male,5.4,,6.0,4.0,10.0,8.0,,,kaggle,0.9411764705882352,0.19130434782608696,0.5555555555555556,0.3333333333333333,1.0,0.8675496688741723
27,Male,4.7,,6.0,6.0,9.0,6.5,,,kaggle,0.32352941176470584,0.16086956521739132,0.5555555555555556,0.5555555555555556,0.8888888888888888,0.6688741721854305
37,Male,7.1,,6.0,6.0,10.0,7.0,,,kaggle,0.6176470588235293,0.26521739130434785,0.5555555555555556,0.5555555555555556,1.0,0.7350993377483445
40,Female,3.0,,8.0,5.0,10.0,7.5,,,kaggle,0.7058823529411765,0.08695652173913043,0.7777777777777777,0.4444444444444445,1.0,0.8013245033112584
42,Other,6.4,,7.0,6.0,10.0,7.0,,,kaggle,0.7647058823529412,0.23478260869565218,0.6666666666666665,0.5555555555555556,1.0,0.7350993377483445
43,Male,3.6,,8.0,5.0,9.0,7.0,,,kaggle,0.7941176470588235,0.11304347826086958,0.7777777777777777,0.4444444444444445,0.8888888888888888,0.7350993377483445
31,Female,7.8,,5.0,8.0,7.0,4.5,,,kaggle,0.4411764705882353,0.29565217391304344,0.4444444444444445,0.7777777777777777,0.6666666666666665,0.4039735099337749
30,Male,5.0,,6.0,6.0,8.0,6.0,,,kaggle,0.4117647058823529,0.17391304347826086,0.5555555555555556,0.5555555555555556,0.7777777777777777,0.6026490066225166
18,Other,5.7,,6.0,7.0,8.0,5.5,,,kaggle,0.05882352941176472,0.20434782608695654,0.5555555555555556,0.6666666666666665,0.7777777777777777,0.5364238410596027
22,Female,6.2,,5.0,8.0,6.0,4.0,,,kaggle,0.17647058823529416,0.22608695652173913,0.4444444444444445,0.7777777777777777,0.5555555555555556,0.337748344370861
36,Female,2.0,,8.0,4.0,10.0,8.0,,,kaggle,0.5882352941176471,0.043478260869565216,0.7777777777777777,0.3333333333333333,1.0,0.8675496688741723
24,Male,4.3,,6.0,6.0,10.0,7.0,,,kaggle,0.23529411764705876,0.1434782608695652,0.5555555555555556,0.5555555555555556,1.0,0.7350993377483445
33,Male,7.4,,6.0,10.0,8.0,4.0,,,kaggle,0.5,0.27826086956521745,0.5555555555555556,1.0,0.7777777777777777,0.337748344370861
19,Male,7.1,,5.0,8.0,9.0,5.5,,,kaggle,0.08823529411764708,0.26521739130434785,0.4444444444444445,0.7777777777777777,0.8888888888888888,0.5364238410596027
40,Male,6.0,,6.0,7.0,7.0,5.0,,,kaggle,0.7058823529411765,0.21739130434782608,0.5555555555555556,0.6666666666666665,0.6666666666666665,0.4701986754966888
29,Female,3.1,,8.0,4.0,10.0,8.0,,,kaggle,0.38235294117647056,0.09130434782608696,0.7777777777777777,0.3333333333333333,1.0,0.8675496688741723
24,Female,6.6,,6.0,7.0,7.0,5.0,,,kaggle,0.23529411764705876,0.24347826086956517,0.5555555555555556,0.6666666666666665,0.6666666666666665,0.4701986754966888
41,Other,6.8,,8.0,7.0,9.0,6.0,,,kaggle,0.7352941176470588,0.25217391304347825,0.7777777777777777,0.6666666666666665,0.8888888888888888,0.6026490066225166
17,Other,5.6,,6.0,7.0,7.0,5.0,,,kaggle,0.02941176470588236,0.19999999999999998,0.5555555555555556,0.6666666666666665,0.6666666666666665,0.4701986754966888
35,Female,7.7,,4.0,8.0,8.0,5.0,,,kaggle,0.5588235294117646,0.29130434782608694,0.3333333333333333,0.7777777777777777,0.7777777777777777,0.4701986754966888
43,Female,4.3,,8.0,4.0,10.0,8.0,,,kaggle,0.7941176470588235,0.1434782608695652,0.7777777777777777,0.3333333333333333,1.0,0.8675496688741723
22,Other,4.6,,4.0,6.0,9.0,6.5,,,kaggle,0.17647058823529416,0.15652173913043477,0.3333333333333333,0.5555555555555556,0.8888888888888888,0.6688741721854305
23,Female,1.0,,9.0,5.0,10.0,7.5,,,kaggle,0.20588235294117652,0.0,0.8888888888888888,0.4444444444444445,1.0,0.8013245033112584
29,Male,7.2,,5.0,7.0,10.0,6.5,,,kaggle,0.38235294117647056,0.26956521739130435,0.4444444444444445,0.6666666666666665,1.0,0.6688741721854305
32,Male,6.1,,5.0,6.0,7.0,5.5,,,kaggle,0.47058823529411764,0.22173913043478258,0.4444444444444445,0.5555555555555556,0.6666666666666665,0.5364238410596027
19,Male,2.5,,9.0,3.0,10.0,8.5,,,kaggle,0.08823529411764708,0.06521739130434782,0.8888888888888888,0.2222222222222222,1.0,0.9337748344370861
17,Other,2.3,,9.0,3.0,10.0,8.5,,,kaggle,0.02941176470588236,0.056521739130434775,0.8888888888888888,0.2222222222222222,1.0,0.9337748344370861
21,Female,3.9,,6.0,6.0,8.0,6.0,,,kaggle,0.1470588235294118,0.12608695652173912,0.5555555555555556,0.5555555555555556,0.7777777777777777,0.6026490066225166
19,Male,6.9,,5.0,7.0,9.0,6.0,,,kaggle,0.08823529411764708,0.25652173913043474,0.4444444444444445,0.6666666666666665,0.8888888888888888,0.6026490066225166
44,Female,5.0,,4.0,7.0,8.0,5.5,,,kaggle,0.823529411764706,0.17391304347826086,0.3333333333333333,0.6666666666666665,0.7777777777777777,0.5364238410596027
33,Female,4.1,,8.0,7.0,9.0,6.0,,,kaggle,0.5,0.13478260869565215,0.7777777777777777,0.6666666666666665,0.8888888888888888,0.6026490066225166
41,Male,3.7,,8.0,6.0,9.0,6.5,,,kaggle,0.7352941176470588,0.1173913043478261,0.7777777777777777,0.5555555555555556,0.8888888888888888,0.6688741721854305
49,Male,3.6,,7.0,5.0,9.0,7.0,,,kaggle,0.9705882352941176,0.11304347826086958,0.6666666666666665,0.4444444444444445,0.8888888888888888,0.7350993377483445
25,Female,2.0,,9.0,4.0,10.0,8.0,,,kaggle,0.2647058823529411,0.043478260869565216,0.8888888888888888,0.3333333333333333,1.0,0.8675496688741723
29,Female,3.3,,7.0,5.0,10.0,7.5,,,kaggle,0.38235294117647056,0.09999999999999998,0.6666666666666665,0.4444444444444445,1.0,0.8013245033112584
46,Female,3.6,,7.0,5.0,10.0,7.5,,,kaggle,0.8823529411764707,0.11304347826086958,0.6666666666666665,0.4444444444444445,1.0,0.8013245033112584
30,Female,6.7,,6.0,8.0,7.0,4.5,,,kaggle,0.4117647058823529,0.24782608695652172,0.5555555555555556,0.7777777777777777,0.6666666666666665,0.4039735099337749
23,Female,5.2,,6.0,6.0,8.0,6.0,,,kaggle,0.20588235294117652,0.1826086956521739,0.5555555555555556,0.5555555555555556,0.7777777777777777,0.6026490066225166
29,Female,4.0,,7.0,3.0,10.0,8.5,,,kaggle,0.38235294117647056,0.13043478260869565,0.6666666666666665,0.2222222222222222,1.0,0.9337748344370861
38,Female,9.7,,3.0,9.0,4.0,2.5,,,kaggle,0.6470588235294118,0.3782608695652173,0.2222222222222222,0.8888888888888888,0.3333333333333333,0.13907284768211922
36,Female,4.3,,7.0,6.0,9.0,6.5,,,kaggle,0.5882352941176471,0.1434782608695652,0.6666666666666665,0.5555555555555556,0.8888888888888888,0.6688741721854305
31,Male,7.6,,5.0,10.0,6.0,3.0,,,kaggle,0.4411764705882353,0.28695652173913044,0.4444444444444445,1.0,0.5555555555555556,0.20529801324503313
33,Male,8.4,,4.0,8.0,7.0,4.5,,,kaggle,0.5,0.32173913043478264,0.3333333333333333,0.7777777777777777,0.6666666666666665,0.4039735099337749
39,Male,2.7,,9.0,5.0,10.0,7.5,,,kaggle,0.676470588235294,0.07391304347826087,0.8888888888888888,0.4444444444444445,1.0,0.8013245033112584
41,Female,5.6,,6.0,7.0,9.0,6.0,,,kaggle,0.7352941176470588,0.19999999999999998,0.5555555555555556,0.6666666666666665,0.8888888888888888,0.6026490066225166
40,Female,4.6,,7.0,7.0,10.0,6.5,,,kaggle,0.7058823529411765,0.15652173913043477,0.6666666666666665,0.6666666666666665,1.0,0.6688741721854305
44,Female,4.4,,6.0,7.0,9.0,6.0,,,kaggle,0.823529411764706,0.14782608695652175,0.5555555555555556,0.6666666666666665,0.8888888888888888,0.6026490066225166
30,Male,6.5,,4.0,9.0,5.0,3.0,,,kaggle,0.4117647058823529,0.23913043478260868,0.3333333333333333,0.8888888888888888,0.4444444444444445,0.20529801324503313
16,Male,4.4,,8.0,4.0,10.0,8.0,,,kaggle,0.0,0.14782608695652175,0.7777777777777777,0.3333333333333333,1.0,0.8675496688741723
40,Male,4.6,,7.0,6.0,10.0,7.0,,,kaggle,0.7058823529411765,0.15652173913043477,0.6666666666666665,0.5555555555555556,1.0,0.7350993377483445
22,Male,5.2,,9.0,7.0,10.0,6.5,,,kaggle,0.17647058823529416,0.1826086956521739,0.8888888888888888,0.6666666666666665,1.0,0.6688741721854305
24,Female,4.8,,6.0,7.0,7.0,5.0,,,kaggle,0.23529411764705876,0.16521739130434782,0.5555555555555556,0.6666666666666665,0.6666666666666665,0.4701986754966888
39,Male,3.4,,8.0,6.0,10.0,7.0,,,kaggle,0.676470588235294,0.1043478260869565,0.7777777777777777,0.5555555555555556,1.0,0.7350993377483445
16,Male,6.9,,5.0,8.0,5.0,3.5,,,kaggle,0.0,0.25652173913043474,0.4444444444444445,0.7777777777777777,0.4444444444444445,0.2715231788079471
23,Female,7.4,,6.0,7.0,8.0,5.5,,,kaggle,0.20588235294117652,0.27826086956521745,0.5555555555555556,0.6666666666666665,0.7777777777777777,0.5364238410596027
39,Male,6.1,,5.0,5.0,10.0,7.5,,,kaggle,0.676470588235294,0.22173913043478258,0.4444444444444445,0.4444444444444445,1.0,0.8013245033112584
26,Female,4.8,,6.0,6.0,8.0,6.0,,,kaggle,0.2941176470588235,0.16521739130434782,0.5555555555555556,0.5555555555555556,0.7777777777777777,0.6026490066225166
32,Female,4.2,,8.0,8.0,8.0,5.0,,,kaggle,0.47058823529411764,0.1391304347826087,0.7777777777777777,0.7777777777777777,0.7777777777777777,0.4701986754966888
23,Male,4.2,,7.0,5.0,10.0,7.5,,,kaggle,0.20588235294117652,0.1391304347826087,0.6666666666666665,0.4444444444444445,1.0,0.8013245033112584
48,Female,9.7,,4.0,8.0,5.0,3.5,,,kaggle,0.9411764705882352,0.3782608695652173,0.3333333333333333,0.7777777777777777,0.4444444444444445,0.2715231788079471
20,Female,7.2,,6.0,9.0,6.0,3.5,,,kaggle,0.11764705882352944,0.26956521739130435,0.5555555555555556,0.8888888888888888,0.5555555555555556,0.2715231788079471
43,Other,4.0,,7.0,7.0,9.0,6.0,,,kaggle,0.7941176470588235,0.13043478260869565,0.6666666666666665,0.6666666666666665,0.8888888888888888,0.6026490066225166
22,Male,5.8,,6.0,8.0,7.0,4.5,,,kaggle,0.17647058823529416,0.20869565217391303,0.5555555555555556,0.7777777777777777,0.6666666666666665,0.4039735099337749
24,Female,4.8,,6.0,7.0,8.0,5.5,,,kaggle,0.23529411764705876,0.16521739130434782,0.5555555555555556,0.6666666666666665,0.7777777777777777,0.5364238410596027
23,Female,6.6,,6.0,8.0,8.0,5.0,,,kaggle,0.20588235294117652,0.24347826086956517,0.5555555555555556,0.7777777777777777,0.7777777777777777,0.4701986754966888
27,Male,6.5,,7.0,9.0,8.0,4.5,,,kaggle,0.32352941176470584,0.23913043478260868,0.6666666666666665,0.8888888888888888,0.7777777777777777,0.4039735099337749
49,Male,7.5,,4.0,7.0,8.0,5.5,,,kaggle,0.9705882352941176,0.28260869565217395,0.3333333333333333,0.6666666666666665,0.7777777777777777,0.5364238410596027
48,Other,4.0,,7.0,5.0,10.0,7.5,,,kaggle,0.9411764705882352,0.13043478260869565,0.6666666666666665,0.4444444444444445,1.0,0.8013245033112584
38,Female,5.7,,5.0,6.0,9.0,6.5,,,kaggle,0.6470588235294118,0.20434782608695654,0.4444444444444445,0.5555555555555556,0.8888888888888888,0.6688741721854305
39,Male,2.4,,7.0,4.0,10.0,8.0,,,kaggle,0.676470588235294,0.0608695652173913,0.6666666666666665,0.3333333333333333,1.0,0.8675496688741723
37,Female,3.2,,8.0,7.0,10.0,6.5,,,kaggle,0.6176470588235293,0.09565217391304348,0.7777777777777777,0.6666666666666665,1.0,0.6688741721854305
42,Male,7.1,,3.0,8.0,6.0,4.0,,,kaggle,0.7647058823529412,0.26521739130434785,0.2222222222222222,0.7777777777777777,0.5555555555555556,0.337748344370861
16,Male,3.8,,10.0,6.0,10.0,7.0,,,kaggle,0.0,0.1217391304347826,1.0,0.5555555555555556,1.0,0.7350993377483445
29,Male,4.0,,6.0,4.0,9.0,7.5,,,kaggle,0.38235294117647056,0.13043478260869565,0.5555555555555556,0.3333333333333333,0.8888888888888888,0.8013245033112584
18,Male,5.5,,6.0,6.0,9.0,6.5,,,kaggle,0.05882352941176472,0.1956521739130435,0.5555555555555556,0.5555555555555556,0.8888888888888888,0.6688741721854305
16,Male,6.8,,7.0,6.0,9.0,6.5,,,kaggle,0.0,0.25217391304347825,0.6666666666666665,0.5555555555555556,0.8888888888888888,0.6688741721854305
20,Male,3.6,,7.0,7.0,8.0,5.5,,,kaggle,0.11764705882352944,0.11304347826086958,0.6666666666666665,0.6666666666666665,0.7777777777777777,0.5364238410596027
41,Female,1.0,,7.0,5.0,10.0,7.5,,,kaggle,0.7352941176470588,0.0,0.6666666666666665,0.4444444444444445,1.0,0.8013245033112584
29,Male,3.9,,7.0,6.0,10.0,7.0,,,kaggle,0.38235294117647056,0.12608695652173912,0.6666666666666665,0.5555555555555556,1.0,0.7350993377483445
42,Male,7.7,,4.0,7.0,8.0,5.5,,,kaggle,0.7647058823529412,0.29130434782608694,0.3333333333333333,0.6666666666666665,0.7777777777777777,0.5364238410596027
24,Female,6.1,,4.0,9.0,6.0,3.5,,,kaggle,0.23529411764705876,0.22173913043478258,0.3333333333333333,0.8888888888888888,0.5555555555555556,0.2715231788079471
30,Female,7.9,,5.0,8.0,8.0,5.0,,,kaggle,0.4117647058823529,0.30000000000000004,0.4444444444444445,0.7777777777777777,0.7777777777777777,0.4701986754966888
30,Female,3.5,,8.0,4.0,10.0,8.0,,,kaggle,0.4117647058823529,0.10869565217391305,0.7777777777777777,0.3333333333333333,1.0,0.8675496688741723
41,Male,2.5,,9.0,4.0,10.0,8.0,,,kaggle,0.7352941176470588,0.06521739130434782,0.8888888888888888,0.3333333333333333,1.0,0.8675496688741723
28,Male,6.3,,5.0,7.0,7.0,5.0,,,kaggle,0.3529411764705882,0.23043478260869563,0.4444444444444445,0.6666666666666665,0.6666666666666665,0.4701986754966888
47,Male,5.9,,4.0,7.0,7.0,5.0,,,kaggle,0.9117647058823529,0.21304347826086958,0.3333333333333333,0.6666666666666665,0.6666666666666665,0.4701986754966888
47,Male,6.0,,6.0,7.0,9.0,6.0,,,kaggle,0.9117647058823529,0.21739130434782608,0.5555555555555556,0.6666666666666665,0.8888888888888888,0.6026490066225166
19,Male,7.2,,5.0,6.0,9.0,6.5,,,kaggle,0.08823529411764708,0.26956521739130435,0.4444444444444445,0.5555555555555556,0.8888888888888888,0.6688741721854305
45,Male,6.3,,7.0,8.0,6.0,4.0,,,kaggle,0.8529411764705882,0.23043478260869563,0.6666666666666665,0.7777777777777777,0.5555555555555556,0.337748344370861
38,Male,6.2,,7.0,7.0,9.0,6.0,,,kaggle,0.6470588235294118,0.22608695652173913,0.6666666666666665,0.6666666666666665,0.8888888888888888,0.6026490066225166
30,Male,6.8,,7.0,7.0,10.0,6.5,,,kaggle,0.4117647058823529,0.25217391304347825,0.6666666666666665,0.6666666666666665,1.0,0.6688741721854305
44,Male,6.4,,6.0,8.0,7.0,4.5,,,kaggle,0.823529411764706,0.23478260869565218,0.5555555555555556,0.7777777777777777,0.6666666666666665,0.4039735099337749
28,Male,7.0,,6.0,6.0,8.0,6.0,,,kaggle,0.3529411764705882,0.26086956521739135,0.5555555555555556,0.5555555555555556,0.7777777777777777,0.6026490066225166
47,Male,7.3,,4.0,6.0,8.0,6.0,,,kaggle,0.9117647058823529,0.27391304347826084,0.3333333333333333,0.5555555555555556,0.7777777777777777,0.6026490066225166
22,Female,8.3,,5.0,10.0,6.0,3.0,,,kaggle,0.17647058823529416,0.31739130434782614,0.4444444444444445,1.0,0.5555555555555556,0.20529801324503313
37,Female,4.3,,6.0,8.0,9.0,5.5,,,kaggle,0.6176470588235293,0.1434782608695652,0.5555555555555556,0.7777777777777777,0.8888888888888888,0.5364238410596027
43,Male,6.4,,6.0,7.0,7.0,5.0,,,kaggle,0.7941176470588235,0.23478260869565218,0.5555555555555556,0.6666666666666665,0.6666666666666665,0.4701986754966888
17,Female,4.8,,7.0,6.0,10.0,7.0,,,kaggle,0.02941176470588236,0.16521739130434782,0.6666666666666665,0.5555555555555556,1.0,0.7350993377483445
21,Female,4.0,,9.0,5.0,10.0,7.5,,,kaggle,0.1470588235294118,0.13043478260869565,0.8888888888888888,0.4444444444444445,1.0,0.8013245033112584
43,Male,4.3,,7.0,6.0,9.0,6.5,,,kaggle,0.7941176470588235,0.1434782608695652,0.6666666666666665,0.5555555555555556,0.8888888888888888,0.6688741721854305
43,Female,6.4,,6.0,7.0,9.0,6.0,,,kaggle,0.7941176470588235,0.23478260869565218,0.5555555555555556,0.6666666666666665,0.8888888888888888,0.6026490066225166
35,Female,6.3,,6.0,7.0,9.0,6.0,,,kaggle,0.5588235294117646,0.23043478260869563,0.5555555555555556,0.6666666666666665,0.8888888888888888,0.6026490066225166
45,Male,6.2,,5.0,8.0,8.0,5.0,,,kaggle,0.8529411764705882,0.22608695652173913,0.4444444444444445,0.7777777777777777,0.7777777777777777,0.4701986754966888
26,Male,5.1,,6.0,5.0,9.0,7.0,,,kaggle,0.2941176470588235,0.17826086956521736,0.5555555555555556,0.4444444444444445,0.8888888888888888,0.7350993377483445
43,Female,5.5,,8.0,6.0,10.0,7.0,,,kaggle,0.7941176470588235,0.1956521739130435,0.7777777777777777,0.5555555555555556,1.0,0.7350993377483445
40,Female,7.0,,4.0,6.0,8.0,6.0,,,kaggle,0.7058823529411765,0.26086956521739135,0.3333333333333333,0.5555555555555556,0.7777777777777777,0.6026490066225166
48,Male,2.8,,7.0,5.0,10.0,7.5,,,kaggle,0.9411764705882352,0.07826086956521738,0.6666666666666665,0.4444444444444445,1.0,0.8013245033112584
16,Male,5.5,,7.0,7.0,9.0,6.0,,,kaggle,0.0,0.1956521739130435,0.6666666666666665,0.6666666666666665,0.8888888888888888,0.6026490066225166
42,Male,5.7,,7.0,7.0,9.0,6.0,,,kaggle,0.7647058823529412,0.20434782608695654,0.6666666666666665,0.6666666666666665,0.8888888888888888,0.6026490066225166
28,Female,6.9,,5.0,8.0,8.0,5.0,,,kaggle,0.3529411764705882,0.25652173913043474,0.4444444444444445,0.7777777777777777,0.7777777777777777,0.4701986754966888
18,Female,3.1,,7.0,6.0,9.0,6.5,,,kaggle,0.05882352941176472,0.09130434782608696,0.6666666666666665,0.5555555555555556,0.8888888888888888,0.6688741721854305
21,Male,8.2,,5.0,7.0,7.0,5.0,,,kaggle,0.1470588235294118,0.31304347826086953,0.4444444444444445,0.6666666666666665,0.6666666666666665,0.4701986754966888
23,Male,5.9,,5.0,5.0,9.0,7.0,,,kaggle,0.20588235294117652,0.21304347826086958,0.4444444444444445,0.4444444444444445,0.8888888888888888,0.7350993377483445
42,Female,6.0,,5.0,8.0,7.0,4.5,,,kaggle,0.7647058823529412,0.21739130434782608,0.4444444444444445,0.7777777777777777,0.6666666666666665,0.4039735099337749
24,Male,4.8,,8.0,4.0,10.0,8.0,,,kaggle,0.23529411764705876,0.16521739130434782,0.7777777777777777,0.3333333333333333,1.0,0.8675496688741723
48,Male,6.5,,6.0,8.0,8.0,5.0,,,kaggle,0.9411764705882352,0.23913043478260868,0.5555555555555556,0.7777777777777777,0.7777777777777777,0.4701986754966888
39,Female,5.6,,8.0,6.0,9.0,6.5,,,kaggle,0.676470588235294,0.19999999999999998,0.7777777777777777,0.5555555555555556,0.8888888888888888,0.6688741721854305
30,Female,7.7,,4.0,10.0,8.0,4.0,,,kaggle,0.4117647058823529,0.29130434782608694,0.3333333333333333,1.0,0.7777777777777777,0.337748344370861
47,Female,2.9,,8.0,5.0,10.0,7.5,,,kaggle,0.9117647058823529,0.08260869565217391,0.7777777777777777,0.4444444444444445,1.0,0.8013245033112584
47,Female,5.8,,6.0,7.0,10.0,6.5,,,kaggle,0.9117647058823529,0.20869565217391303,0.5555555555555556,0.6666666666666665,1.0,0.6688741721854305
39,Male,6.2,,5.0,8.0,7.0,4.5,,,kaggle,0.676470588235294,0.22608695652173913,0.4444444444444445,0.7777777777777777,0.6666666666666665,0.4039735099337749
27,Male,5.2,,7.0,5.0,10.0,7.5,,,kaggle,0.32352941176470584,0.1826086956521739,0.6666666666666665,0.4444444444444445,1.0,0.8013245033112584
17,Female,4.8,,8.0,5.0,10.0,7.5,,,kaggle,0.02941176470588236,0.16521739130434782,0.7777777777777777,0.4444444444444445,1.0,0.8013245033112584
18,Male,4.8,,6.0,5.0,10.0,7.5,,,kaggle,0.05882352941176472,0.16521739130434782,0.5555555555555556,0.4444444444444445,1.0,0.8013245033112584
32,Male,5.8,,6.0,6.0,10.0,7.0,,,kaggle,0.47058823529411764,0.20869565217391303,0.5555555555555556,0.5555555555555556,1.0,0.7350993377483445
17,Male,2.2,,10.0,5.0,10.0,7.5,,,kaggle,0.02941176470588236,0.052173913043478265,1.0,0.4444444444444445,1.0,0.8013245033112584
17,Male,7.2,,7.0,8.0,8.0,5.0,,,kaggle,0.02941176470588236,0.26956521739130435,0.6666666666666665,0.7777777777777777,0.7777777777777777,0.4701986754966888
43,Male,4.6,,8.0,7.0,9.0,6.0,,,kaggle,0.7941176470588235,0.15652173913043477,0.7777777777777777,0.6666666666666665,0.8888888888888888,0.6026490066225166
38,Male,5.7,,7.0,5.0,10.0,7.5,,,kaggle,0.6470588235294118,0.20434782608695654,0.6666666666666665,0.4444444444444445,1.0,0.8013245033112584
47,Male,6.2,,5.0,7.0,9.0,6.0,,,kaggle,0.9117647058823529,0.22608695652173913,0.4444444444444445,0.6666666666666665,0.8888888888888888,0.6026490066225166
48,Male,4.6,,7.0,5.0,10.0,7.5,,,kaggle,0.9411764705882352,0.15652173913043477,0.6666666666666665,0.4444444444444445,1.0,0.8013245033112584
16,Female,5.3,,7.0,6.0,10.0,7.0,,,kaggle,0.0,0.1869565217391304,0.6666666666666665,0.5555555555555556,1.0,0.7350993377483445
34,Female,1.8,,9.0,7.0,10.0,6.5,,,kaggle,0.5294117647058824,0.03478260869565218,0.8888888888888888,0.6666666666666665,1.0,0.6688741721854305
17,Female,6.8,,5.0,8.0,6.0,4.0,,,kaggle,0.02941176470588236,0.25217391304347825,0.4444444444444445,0.7777777777777777,0.5555555555555556,0.337748344370861
41,Female,7.4,,4.0,9.0,5.0,3.0,,,kaggle,0.7352941176470588,0.27826086956521745,0.3333333333333333,0.8888888888888888,0.4444444444444445,0.20529801324503313
47,Female,2.4,,7.0,7.0,9.0,6.0,,,kaggle,0.9117647058823529,0.0608695652173913,0.6666666666666665,0.6666666666666665,0.8888888888888888,0.6026490066225166
21,Male,4.8,,5.0,7.0,8.0,5.5,,,kaggle,0.1470588235294118,0.16521739130434782,0.4444444444444445,0.6666666666666665,0.7777777777777777,0.5364238410596027
47,Female,3.3,,8.0,5.0,10.0,7.5,,,kaggle,0.9117647058823529,0.09999999999999998,0.7777777777777777,0.4444444444444445,1.0,0.8013245033112584
19,Female,5.2,,7.0,5.0,10.0,7.5,,,kaggle,0.08823529411764708,0.1826086956521739,0.6666666666666665,0.4444444444444445,1.0,0.8013245033112584
26,Female,6.7,,5.0,7.0,8.0,5.5,,,kaggle,0.2941176470588235,0.24782608695652172,0.4444444444444445,0.6666666666666665,0.7777777777777777,0.5364238410596027
32,Male,7.3,,5.0,7.0,8.0,5.5,,,kaggle,0.47058823529411764,0.27391304347826084,0.4444444444444445,0.6666666666666665,0.7777777777777777,0.5364238410596027
39,Male,7.5,,5.0,6.0,7.0,5.5,,,kaggle,0.676470588235294,0.28260869565217395,0.4444444444444445,0.5555555555555556,0.6666666666666665,0.5364238410596027
20,Male,7.9,,5.0,9.0,5.0,3.0,,,kaggle,0.11764705882352944,0.30000000000000004,0.4444444444444445,0.8888888888888888,0.4444444444444445,0.20529801324503313
49,Male,5.1,,5.0,7.0,8.0,5.5,,,kaggle,0.9705882352941176,0.17826086956521736,0.4444444444444445,0.6666666666666665,0.7777777777777777,0.5364238410596027
21,Female,3.4,,9.0,7.0,8.0,5.5,,,kaggle,0.1470588235294118,0.1043478260869565,0.8888888888888888,0.6666666666666665,0.7777777777777777,0.5364238410596027
37,Female,5.3,,7.0,6.0,10.0,7.0,,,kaggle,0.6176470588235293,0.1869565217391304,0.6666666666666665,0.5555555555555556,1.0,0.7350993377483445
26,Male,6.6,,6.0,8.0,8.0,5.0,,,kaggle,0.2941176470588235,0.24347826086956517,0.5555555555555556,0.7777777777777777,0.7777777777777777,0.4701986754966888
31,Other,3.3,,9.0,5.0,10.0,7.5,,,kaggle,0.4411764705882353,0.09999999999999998,0.8888888888888888,0.4444444444444445,1.0,0.8013245033112584
48,Female,8.5,,4.0,10.0,8.0,4.0,,,kaggle,0.9411764705882352,0.32608695652173914,0.3333333333333333,1.0,0.7777777777777777,0.337748344370861
24,Male,7.1,,6.0,8.0,7.0,4.5,,,kaggle,0.23529411764705876,0.26521739130434785,0.5555555555555556,0.7777777777777777,0.6666666666666665,0.4039735099337749
21,Male,5.1,,6.0,5.0,10.0,7.5,,,kaggle,0.1470588235294118,0.17826086956521736,0.5555555555555556,0.4444444444444445,1.0,0.8013245033112584
31,Male,4.2,,8.0,6.0,10.0,7.0,,,kaggle,0.4411764705882353,0.1391304347826087,0.7777777777777777,0.5555555555555556,1.0,0.7350993377483445
44,Male,4.3,,8.0,6.0,10.0,7.0,,,kaggle,0.823529411764706,0.1434782608695652,0.7777777777777777,0.5555555555555556,1.0,0.7350993377483445
18,Male,5.6,,5.0,7.0,6.0,4.5,,,kaggle,0.05882352941176472,0.19999999999999998,0.4444444444444445,0.6666666666666665,0.5555555555555556,0.4039735099337749
35,Male,5.1,,7.0,7.0,7.0,5.0,,,kaggle,0.5588235294117646,0.17826086956521736,0.6666666666666665,0.6666666666666665,0.6666666666666665,0.4701986754966888
34,Male,7.2,,6.0,6.0,8.0,6.0,,,kaggle,0.5294117647058824,0.26956521739130435,0.5555555555555556,0.5555555555555556,0.7777777777777777,0.6026490066225166
41,Male,4.9,,7.0,5.0,10.0,7.5,,,kaggle,0.7352941176470588,0.16956521739130437,0.6666666666666665,0.4444444444444445,1.0,0.8013245033112584
18,Female,6.4,,6.0,8.0,8.0,5.0,,,kaggle,0.05882352941176472,0.23478260869565218,0.5555555555555556,0.7777777777777777,0.7777777777777777,0.4701986754966888
34,Male,5.4,,6.0,6.0,10.0,7.0,,,kaggle,0.5294117647058824,0.19130434782608696,0.5555555555555556,0.5555555555555556,1.0,0.7350993377483445
35,Female,6.0,,7.0,7.0,8.0,5.5,,,kaggle,0.5588235294117646,0.21739130434782608,0.6666666666666665,0.6666666666666665,0.7777777777777777,0.5364238410596027
47,Male,5.1,,7.0,4.0,9.0,7.5,,,kaggle,0.9117647058823529,0.17826086956521736,0.6666666666666665,0.3333333333333333,0.8888888888888888,0.8013245033112584
22,Other,6.8,,5.0,10.0,7.0,3.5,,,kaggle,0.17647058823529416,0.25217391304347825,0.4444444444444445,1.0,0.6666666666666665,0.2715231788079471
48,Male,6.8,,4.0,7.0,7.0,5.0,,,kaggle,0.9411764705882352,0.25217391304347825,0.3333333333333333,0.6666666666666665,0.6666666666666665,0.4701986754966888
33,Male,6.3,,6.0,8.0,6.0,4.0,,,kaggle,0.5,0.23043478260869563,0.5555555555555556,0.7777777777777777,0.5555555555555556,0.337748344370861
16,Other,6.6,,6.0,7.0,8.0,5.5,,,kaggle,0.0,0.24347826086956517,0.5555555555555556,0.6666666666666665,0.7777777777777777,0.5364238410596027
26,Female,3.8,,10.0,6.0,10.0,7.0,,,kaggle,0.2941176470588235,0.1217391304347826,1.0,0.5555555555555556,1.0,0.7350993377483445
43,Female,6.1,,7.0,9.0,7.0,4.0,,,kaggle,0.7941176470588235,0.22173913043478258,0.6666666666666665,0.8888888888888888,0.6666666666666665,0.337748344370861
40,Male,7.7,,3.0,9.0,5.0,3.0,,,kaggle,0.7058823529411765,0.29130434782608694,0.2222222222222222,0.8888888888888888,0.4444444444444445,0.20529801324503313
38,Male,6.4,,6.0,7.0,8.0,5.5,,,kaggle,0.6470588235294118,0.23478260869565218,0.5555555555555556,0.6666666666666665,0.7777777777777777,0.5364238410596027
46,Female,3.6,,9.0,5.0,10.0,7.5,,,kaggle,0.8823529411764707,0.11304347826086958,0.8888888888888888,0.4444444444444445,1.0,0.8013245033112584
45,Female,5.4,,7.0,8.0,7.0,4.5,,,kaggle,0.8529411764705882,0.19130434782608696,0.6666666666666665,0.7777777777777777,0.6666666666666665,0.4039735099337749
22,Female,6.2,,6.0,9.0,6.0,3.5,,,kaggle,0.17647058823529416,0.22608695652173913,0.5555555555555556,0.8888888888888888,0.5555555555555556,0.2715231788079471
31,Female,4.1,,8.0,6.0,10.0,7.0,,,kaggle,0.4411764705882353,0.13478260869565215,0.7777777777777777,0.5555555555555556,1.0,0.7350993377483445
41,Male,3.1,,7.0,7.0,9.0,6.0,,,kaggle,0.7352941176470588,0.09130434782608696,0.6666666666666665,0.6666666666666665,0.8888888888888888,0.6026490066225166
17,Female,4.9,,7.0,6.0,10.0,7.0,,,kaggle,0.02941176470588236,0.16956521739130437,0.6666666666666665,0.5555555555555556,1.0,0.7350993377483445
16,Male,4.2,,7.0,7.0,8.0,5.5,,,kaggle,0.0,0.1391304347826087,0.6666666666666665,0.6666666666666665,0.7777777777777777,0.5364238410596027
27,Male,5.5,,6.0,8.0,7.0,4.5,,,kaggle,0.32352941176470584,0.1956521739130435,0.5555555555555556,0.7777777777777777,0.6666666666666665,0.4039735099337749
20,Male,2.6,,9.0,4.0,10.0,8.0,,,kaggle,0.11764705882352944,0.06956521739130435,0.8888888888888888,0.3333333333333333,1.0,0.8675496688741723
47,Female,6.5,,5.0,7.0,8.0,5.5,,,kaggle,0.9117647058823529,0.23913043478260868,0.4444444444444445,0.6666666666666665,0.7777777777777777,0.5364238410596027
24,Male,4.4,,8.0,7.0,10.0,6.5,,,kaggle,0.23529411764705876,0.14782608695652175,0.7777777777777777,0.6666666666666665,1.0,0.6688741721854305
34,Male,7.3,,5.0,7.0,6.0,4.5,,,kaggle,0.5294117647058824,0.27391304347826084,0.4444444444444445,0.6666666666666665,0.5555555555555556,0.4039735099337749
31,Female,5.0,,7.0,5.0,10.0,7.5,,,kaggle,0.4411764705882353,0.17391304347826086,0.6666666666666665,0.4444444444444445,1.0,0.8013245033112584
18,Male,5.5,,5.0,6.0,9.0,6.5,,,kaggle,0.05882352941176472,0.1956521739130435,0.4444444444444445,0.5555555555555556,0.8888888888888888,0.6688741721854305
35,Female,5.2,,7.0,6.0,10.0,7.0,,,kaggle,0.5588235294117646,0.1826086956521739,0.6666666666666665,0.5555555555555556,1.0,0.7350993377483445
39,Male,4.3,,9.0,7.0,9.0,6.0,,,kaggle,0.676470588235294,0.1434782608695652,0.8888888888888888,0.6666666666666665,0.8888888888888888,0.6026490066225166
48,Female,10.0,,3.0,10.0,4.0,2.0,,,kaggle,0.9411764705882352,0.3913043478260869,0.2222222222222222,1.0,0.3333333333333333,0.07284768211920531
39,Female,4.6,,6.0,7.0,6.0,4.5,,,kaggle,0.676470588235294,0.15652173913043477,0.5555555555555556,0.6666666666666665,0.5555555555555556,0.4039735099337749
26,Male,7.3,,5.0,8.0,7.0,4.5,,,kaggle,0.2941176470588235,0.27391304347826084,0.4444444444444445,0.7777777777777777,0.6666666666666665,0.4039735099337749
23,Male,3.5,,9.0,5.0,10.0,7.5,,,kaggle,0.20588235294117652,0.10869565217391305,0.8888888888888888,0.4444444444444445,1.0,0.8013245033112584
35,Male,6.2,,4.0,8.0,7.0,4.5,,,kaggle,0.5588235294117646,0.22608695652173913,0.3333333333333333,0.7777777777777777,0.6666666666666665,0.4039735099337749
40,Male,6.4,,5.0,8.0,7.0,4.5,,,kaggle,0.7058823529411765,0.23478260869565218,0.4444444444444445,0.7777777777777777,0.6666666666666665,0.4039735099337749
40,Other,5.5,,6.0,7.0,9.0,6.0,,,kaggle,0.7058823529411765,0.1956521739130435,0.5555555555555556,0.6666666666666665,0.8888888888888888,0.6026490066225166
44,Male,4.5,,6.0,6.0,9.0,6.5,,,kaggle,0.823529411764706,0.15217391304347824,0.5555555555555556,0.5555555555555556,0.8888888888888888,0.6688741721854305
33,Female,5.0,,6.0,6.0,8.0,6.0,,,kaggle,0.5,0.17391304347826086,0.5555555555555556,0.5555555555555556,0.7777777777777777,0.6026490066225166
33,Male,4.8,,5.0,6.0,9.0,6.5,,,kaggle,0.5,0.16521739130434782,0.4444444444444445,0.5555555555555556,0.8888888888888888,0.6688741721854305
17,Female,9.8,,4.0,9.0,6.0,3.5,,,kaggle,0.02941176470588236,0.3826086956521739,0.3333333333333333,0.8888888888888888,0.5555555555555556,0.2715231788079471
31,Female,5.5,,7.0,7.0,9.0,6.0,,,kaggle,0.4411764705882353,0.1956521739130435,0.6666666666666665,0.6666666666666665,0.8888888888888888,0.6026490066225166
48,Female,6.4,,4.0,6.0,7.0,5.5,,,kaggle,0.9411764705882352,0.23478260869565218,0.3333333333333333,0.5555555555555556,0.6666666666666665,0.5364238410596027
19,Female,8.7,,6.0,7.0,10.0,6.5,,,kaggle,0.08823529411764708,0.33478260869565213,0.5555555555555556,0.6666666666666665,1.0,0.6688741721854305
48,Male,3.9,,9.0,5.0,10.0,7.5,,,kaggle,0.9411764705882352,0.12608695652173912,0.8888888888888888,0.4444444444444445,1.0,0.8013245033112584
29,Male,5.6,,6.0,6.0,8.0,6.0,,,kaggle,0.38235294117647056,0.19999999999999998,0.5555555555555556,0.5555555555555556,0.7777777777777777,0.6026490066225166
36,Female,5.0,,8.0,6.0,10.0,7.0,,,kaggle,0.5882352941176471,0.17391304347826086,0.7777777777777777,0.5555555555555556,1.0,0.7350993377483445
35,Female,5.3,,6.0,6.0,9.0,6.5,,,kaggle,0.5588235294117646,0.1869565217391304,0.5555555555555556,0.5555555555555556,0.8888888888888888,0.6688741721854305
23,Other,5.2,,7.0,6.0,9.0,6.5,,,kaggle,0.20588235294117652,0.1826086956521739,0.6666666666666665,0.5555555555555556,0.8888888888888888,0.6688741721854305
22,Male,4.2,,6.0,6.0,8.0,6.0,,,kaggle,0.17647058823529416,0.1391304347826087,0.5555555555555556,0.5555555555555556,0.7777777777777777,0.6026490066225166
18,Female,5.9,,8.0,6.0,8.0,6.0,,,kaggle,0.05882352941176472,0.21304347826086958,0.7777777777777777,0.5555555555555556,0.7777777777777777,0.6026490066225166
32,Female,3.6,,7.0,5.0,10.0,7.5,,,kaggle,0.47058823529411764,0.11304347826086958,0.6666666666666665,0.4444444444444445,1.0,0.8013245033112584
48,Male,7.3,,5.0,9.0,5.0,3.0,,,kaggle,0.9411764705882352,0.27391304347826084,0.4444444444444445,0.8888888888888888,0.4444444444444445,0.20529801324503313
27,Male,6.6,,5.0,7.0,7.0,5.0,,,kaggle,0.32352941176470584,0.24347826086956517,0.4444444444444445,0.6666666666666665,0.6666666666666665,0.4701986754966888
37,Female,4.6,,9.0,6.0,8.0,6.0,,,kaggle,0.6176470588235293,0.15652173913043477,0.8888888888888888,0.5555555555555556,0.7777777777777777,0.6026490066225166
37,Female,4.7,,9.0,6.0,10.0,7.0,,,kaggle,0.6176470588235293,0.16086956521739132,0.8888888888888888,0.5555555555555556,1.0,0.7350993377483445
45,Female,6.0,,8.0,7.0,9.0,6.0,,,kaggle,0.8529411764705882,0.21739130434782608,0.7777777777777777,0.6666666666666665,0.8888888888888888,0.6026490066225166
23,Male,4.1,,8.0,5.0,10.0,7.5,,,kaggle,0.20588235294117652,0.13478260869565215,0.7777777777777777,0.4444444444444445,1.0,0.8013245033112584
42,Female,8.8,,4.0,8.0,6.0,4.0,,,kaggle,0.7647058823529412,0.33913043478260874,0.3333333333333333,0.7777777777777777,0.5555555555555556,0.337748344370861
42,Male,6.1,,7.0,6.0,8.0,6.0,,,kaggle,0.7647058823529412,0.22173913043478258,0.6666666666666665,0.5555555555555556,0.7777777777777777,0.6026490066225166
49,Male,6.2,,6.0,8.0,8.0,5.0,,,kaggle,0.9705882352941176,0.22608695652173913,0.5555555555555556,0.7777777777777777,0.7777777777777777,0.4701986754966888
36,Male,6.7,,7.0,7.0,8.0,5.5,,,kaggle,0.5882352941176471,0.24782608695652172,0.6666666666666665,0.6666666666666665,0.7777777777777777,0.5364238410596027
45,Female,4.5,,8.0,6.0,10.0,7.0,,,kaggle,0.8529411764705882,0.15217391304347824,0.7777777777777777,0.5555555555555556,1.0,0.7350993377483445
48,Female,7.5,,4.0,9.0,5.0,3.0,,,kaggle,0.9411764705882352,0.28260869565217395,0.3333333333333333,0.8888888888888888,0.4444444444444445,0.20529801324503313
43,Female,5.7,,7.0,7.0,9.0,6.0,,,kaggle,0.7941176470588235,0.20434782608695654,0.6666666666666665,0.6666666666666665,0.8888888888888888,0.6026490066225166
48,Male,7.2,,6.0,8.0,9.0,5.5,,,kaggle,0.9411764705882352,0.26956521739130435,0.5555555555555556,0.7777777777777777,0.8888888888888888,0.5364238410596027
20,Female,5.1,,4.0,5.0,9.0,7.0,,,kaggle,0.11764705882352944,0.17826086956521736,0.3333333333333333,0.4444444444444445,0.8888888888888888,0.7350993377483445
34,Male,7.9,,6.0,8.0,7.0,4.5,,,kaggle,0.5294117647058824,0.30000000000000004,0.5555555555555556,0.7777777777777777,0.6666666666666665,0.4039735099337749
19,Female,6.2,,5.0,7.0,8.0,5.5,,,kaggle,0.08823529411764708,0.22608695652173913,0.4444444444444445,0.6666666666666665,0.7777777777777777,0.5364238410596027
32,Male,9.4,,3.0,9.0,5.0,3.0,,,kaggle,0.47058823529411764,0.3652173913043478,0.2222222222222222,0.8888888888888888,0.4444444444444445,0.20529801324503313
43,Male,4.8,,6.0,5.0,10.0,7.5,,,kaggle,0.7941176470588235,0.16521739130434782,0.5555555555555556,0.4444444444444445,1.0,0.8013245033112584
45,Male,5.9,,6.0,8.0,7.0,4.5,,,kaggle,0.8529411764705882,0.21304347826086958,0.5555555555555556,0.7777777777777777,0.6666666666666665,0.4039735099337749
44,Male,3.6,,8.0,5.0,10.0,7.5,,,kaggle,0.823529411764706,0.11304347826086958,0.7777777777777777,0.4444444444444445,1.0,0.8013245033112584
21,Female,4.5,,6.0,6.0,9.0,6.5,,,kaggle,0.1470588235294118,0.15217391304347824,0.5555555555555556,0.5555555555555556,0.8888888888888888,0.6688741721854305
39,Female,6.6,,6.0,7.0,7.0,5.0,,,kaggle,0.676470588235294,0.24347826086956517,0.5555555555555556,0.6666666666666665,0.6666666666666665,0.4701986754966888
44,Male,7.5,,6.0,9.0,6.0,3.5,,,kaggle,0.823529411764706,0.28260869565217395,0.5555555555555556,0.8888888888888888,0.5555555555555556,0.2715231788079471
46,Female,10.8,,5.0,10.0,4.0,2.0,,,kaggle,0.8823529411764707,0.4260869565217391,0.4444444444444445,1.0,0.3333333333333333,0.07284768211920531
48,Male,5.3,,5.0,5.0,8.0,6.5,,,kaggle,0.9411764705882352,0.1869565217391304,0.4444444444444445,0.4444444444444445,0.7777777777777777,0.6688741721854305
36,Female,3.8,,7.0,5.0,9.0,7.0,,,kaggle,0.5882352941176471,0.1217391304347826,0.6666666666666665,0.4444444444444445,0.8888888888888888,0.7350993377483445
47,Female,6.9,,6.0,8.0,8.0,5.0,,,kaggle,0.9117647058823529,0.25652173913043474,0.5555555555555556,0.7777777777777777,0.7777777777777777,0.4701986754966888
38,Female,3.5,,9.0,4.0,10.0,8.0,,,kaggle,0.6470588235294118,0.10869565217391305,0.8888888888888888,0.3333333333333333,1.0,0.8675496688741723
48,Male,6.5,,5.0,8.0,8.0,5.0,,,kaggle,0.9411764705882352,0.23913043478260868,0.4444444444444445,0.7777777777777777,0.7777777777777777,0.4701986754966888
18,Female,4.6,,8.0,7.0,9.0,6.0,,,kaggle,0.05882352941176472,0.15652173913043477,0.7777777777777777,0.6666666666666665,0.8888888888888888,0.6026490066225166
33,Female,5.9,,4.0,7.0,5.0,4.0,,,kaggle,0.5,0.21304347826086958,0.3333333333333333,0.6666666666666665,0.4444444444444445,0.337748344370861
40,Male,7.5,,4.0,8.0,7.0,4.5,,,kaggle,0.7058823529411765,0.28260869565217395,0.3333333333333333,0.7777777777777777,0.6666666666666665,0.4039735099337749
46,Male,5.3,,7.0,8.0,9.0,5.5,,,kaggle,0.8823529411764707,0.1869565217391304,0.6666666666666665,0.7777777777777777,0.8888888888888888,0.5364238410596027
18,Female,7.2,,4.0,7.0,6.0,4.5,,,kaggle,0.05882352941176472,0.26956521739130435,0.3333333333333333,0.6666666666666665,0.5555555555555556,0.4039735099337749
39,Female,7.1,,4.0,8.0,7.0,4.5,,,kaggle,0.676470588235294,0.26521739130434785,0.3333333333333333,0.7777777777777777,0.6666666666666665,0.4039735099337749
47,Female,2.1,,8.0,4.0,10.0,8.0,,,kaggle,0.9117647058823529,0.04782608695652174,0.7777777777777777,0.3333333333333333,1.0,0.8675496688741723
37,Female,3.9,,8.0,6.0,10.0,7.0,,,kaggle,0.6176470588235293,0.12608695652173912,0.7777777777777777,0.5555555555555556,1.0,0.7350993377483445
38,Female,2.7,,6.0,3.0,10.0,8.5,,,kaggle,0.6470588235294118,0.07391304347826087,0.5555555555555556,0.2222222222222222,1.0,0.9337748344370861
17,Male,9.1,,4.0,9.0,4.0,2.5,,,kaggle,0.02941176470588236,0.3521739130434782,0.3333333333333333,0.8888888888888888,0.3333333333333333,0.13907284768211922
42,Male,5.3,,7.0,7.0,8.0,5.5,,,kaggle,0.7647058823529412,0.1869565217391304,0.6666666666666665,0.6666666666666665,0.7777777777777777,0.5364238410596027
17,Male,8.7,,4.0,8.0,7.0,4.5,,,kaggle,0.02941176470588236,0.33478260869565213,0.3333333333333333,0.7777777777777777,0.6666666666666665,0.4039735099337749
41,Female,2.6,,8.0,4.0,10.0,8.0,,,kaggle,0.7352941176470588,0.06956521739130435,0.7777777777777777,0.3333333333333333,1.0,0.8675496688741723
32,Male,4.5,,7.0,6.0,8.0,6.0,,,kaggle,0.47058823529411764,0.15217391304347824,0.6666666666666665,0.5555555555555556,0.7777777777777777,0.6026490066225166
48,Female,6.9,,5.0,9.0,6.0,3.5,,,kaggle,0.9411764705882352,0.25652173913043474,0.4444444444444445,0.8888888888888888,0.5555555555555556,0.2715231788079471
24,Female,5.8,,8.0,6.0,10.0,7.0,,,kaggle,0.23529411764705876,0.20869565217391303,0.7777777777777777,0.5555555555555556,1.0,0.7350993377483445
44,Female,6.5,,5.0,6.0,8.0,6.0,,,kaggle,0.823529411764706,0.23913043478260868,0.4444444444444445,0.5555555555555556,0.7777777777777777,0.6026490066225166
41,Male,3.2,,8.0,6.0,10.0,7.0,,,kaggle,0.7352941176470588,0.09565217391304348,0.7777777777777777,0.5555555555555556,1.0,0.7350993377483445
40,Female,8.0,,5.0,8.0,6.0,4.0,,,kaggle,0.7058823529411765,0.30434782608695654,0.4444444444444445,0.7777777777777777,0.5555555555555556,0.337748344370861
39,Male,6.9,,5.0,7.0,9.0,6.0,,,kaggle,0.676470588235294,0.25652173913043474,0.4444444444444445,0.6666666666666665,0.8888888888888888,0.6026490066225166
28,Female,6.2,,3.0,8.0,5.0,3.5,,,kaggle,0.3529411764705882,0.22608695652173913,0.2222222222222222,0.7777777777777777,0.4444444444444445,0.2715231788079471
22,Male,4.3,,7.0,5.0,10.0,7.5,,,kaggle,0.17647058823529416,0.1434782608695652,0.6666666666666665,0.4444444444444445,1.0,0.8013245033112584
35,Male,6.1,,7.0,8.0,9.0,5.5,,,kaggle,0.5588235294117646,0.22173913043478258,0.6666666666666665,0.7777777777777777,0.8888888888888888,0.5364238410596027
16,Female,5.0,,7.0,6.0,10.0,7.0,,,kaggle,0.0,0.17391304347826086,0.6666666666666665,0.5555555555555556,1.0,0.7350993377483445
23,Male,2.5,,9.0,5.0,10.0,7.5,,,kaggle,0.20588235294117652,0.06521739130434782,0.8888888888888888,0.4444444444444445,1.0,0.8013245033112584
31,Male,5.4,,5.0,8.0,7.0,4.5,,,kaggle,0.4411764705882353,0.19130434782608696,0.4444444444444445,0.7777777777777777,0.6666666666666665,0.4039735099337749
29,Female,5.2,,7.0,6.0,10.0,7.0,,,kaggle,0.38235294117647056,0.1826086956521739,0.6666666666666665,0.5555555555555556,1.0,0.7350993377483445
27,Female,7.4,,4.0,9.0,5.0,3.0,,,kaggle,0.32352941176470584,0.27826086956521745,0.3333333333333333,0.8888888888888888,0.4444444444444445,0.20529801324503313
38,Female,1.5,,9.0,4.0,10.0,8.0,,,kaggle,0.6470588235294118,0.021739130434782608,0.8888888888888888,0.3333333333333333,1.0,0.8675496688741723
30,Female,5.9,,6.0,9.0,7.0,4.0,,,kaggle,0.4117647058823529,0.21304347826086958,0.5555555555555556,0.8888888888888888,0.6666666666666665,0.337748344370861
43,Female,3.4,,7.0,7.0,10.0,6.5,,,kaggle,0.7941176470588235,0.1043478260869565,0.6666666666666665,0.6666666666666665,1.0,0.6688741721854305
49,Male,6.1,,5.0,6.0,9.0,6.5,,,kaggle,0.9705882352941176,0.22173913043478258,0.4444444444444445,0.5555555555555556,0.8888888888888888,0.6688741721854305
17,Male,6.2,,6.0,8.0,7.0,4.5,,,kaggle,0.02941176470588236,0.22608695652173913,0.5555555555555556,0.7777777777777777,0.6666666666666665,0.4039735099337749
47,Male,5.3,,6.0,6.0,9.0,6.5,,,kaggle,0.9117647058823529,0.1869565217391304,0.5555555555555556,0.5555555555555556,0.8888888888888888,0.6688741721854305
38,Female,7.0,,4.0,8.0,6.0,4.0,,,kaggle,0.6470588235294118,0.26086956521739135,0.3333333333333333,0.7777777777777777,0.5555555555555556,0.337748344370861
37,Female,3.3,,7.0,5.0,9.0,7.0,,,kaggle,0.6176470588235293,0.09999999999999998,0.6666666666666665,0.4444444444444445,0.8888888888888888,0.7350993377483445
40,Male,7.5,,5.0,7.0,9.0,6.0,,,kaggle,0.7058823529411765,0.28260869565217395,0.4444444444444445,0.6666666666666665,0.8888888888888888,0.6026490066225166
37,Male,4.2,,9.0,7.0,8.0,5.5,,,kaggle,0.6176470588235293,0.1391304347826087,0.8888888888888888,0.6666666666666665,0.7777777777777777,0.5364238410596027
37,Other,2.7,,8.0,5.0,10.0,7.5,,,kaggle,0.6176470588235293,0.07391304347826087,0.7777777777777777,0.4444444444444445,1.0,0.8013245033112584
21,Male,5.0,,7.0,6.0,10.0,7.0,,,kaggle,0.1470588235294118,0.17391304347826086,0.6666666666666665,0.5555555555555556,1.0,0.7350993377483445
30,Female,1.7,,9.0,4.0,10.0,8.0,,,kaggle,0.4117647058823529,0.030434782608695643,0.8888888888888888,0.3333333333333333,1.0,0.8675496688741723
48,Female,6.0,,5.0,7.0,7.0,5.0,,,kaggle,0.9411764705882352,0.21739130434782608,0.4444444444444445,0.6666666666666665,0.6666666666666665,0.4701986754966888
23,Female,5.0,,5.0,7.0,8.0,5.5,,,kaggle,0.20588235294117652,0.17391304347826086,0.4444444444444445,0.6666666666666665,0.7777777777777777,0.5364238410596027
20,Male,7.7,,4.0,8.0,5.0,3.5,,,kaggle,0.11764705882352944,0.29130434782608694,0.3333333333333333,0.7777777777777777,0.4444444444444445,0.2715231788079471
19,Female,6.7,,6.0,5.0,9.0,7.0,,,kaggle,0.08823529411764708,0.24782608695652172,0.5555555555555556,0.4444444444444445,0.8888888888888888,0.7350993377483445
21,Female,3.0,,8.0,5.0,10.0,7.5,,,kaggle,0.1470588235294118,0.08695652173913043,0.7777777777777777,0.4444444444444445,1.0,0.8013245033112584
47,Female,4.0,,8.0,4.0,10.0,8.0,,,kaggle,0.9117647058823529,0.13043478260869565,0.7777777777777777,0.3333333333333333,1.0,0.8675496688741723
45,Female,6.4,,6.0,7.0,7.0,5.0,,,kaggle,0.8529411764705882,0.23478260869565218,0.5555555555555556,0.6666666666666665,0.6666666666666665,0.4701986754966888
31,Female,7.0,,5.0,6.0,8.0,6.0,,,kaggle,0.4411764705882353,0.26086956521739135,0.4444444444444445,0.5555555555555556,0.7777777777777777,0.6026490066225166
28,Female,7.7,,4.0,7.0,7.0,5.0,,,kaggle,0.3529411764705882,0.29130434782608694,0.3333333333333333,0.6666666666666665,0.6666666666666665,0.4701986754966888
45,Male,7.7,,6.0,9.0,6.0,3.5,,,kaggle,0.8529411764705882,0.29130434782608694,0.5555555555555556,0.8888888888888888,0.5555555555555556,0.2715231788079471
34,Female,5.3,,6.0,6.0,10.0,7.0,,,kaggle,0.5294117647058824,0.1869565217391304,0.5555555555555556,0.5555555555555556,1.0,0.7350993377483445
32,Female,6.2,,5.0,7.0,7.0,5.0,,,kaggle,0.47058823529411764,0.22608695652173913,0.4444444444444445,0.6666666666666665,0.6666666666666665,0.4701986754966888
34,Male,7.8,,5.0,9.0,6.0,3.5,,,kaggle,0.5294117647058824,0.29565217391304344,0.4444444444444445,0.8888888888888888,0.5555555555555556,0.2715231788079471
43,Female,5.0,,5.0,6.0,8.0,6.0,,,kaggle,0.7941176470588235,0.17391304347826086,0.4444444444444445,0.5555555555555556,0.7777777777777777,0.6026490066225166
41,Female,6.2,,8.0,9.0,7.0,4.0,,,kaggle,0.7352941176470588,0.22608695652173913,0.7777777777777777,0.8888888888888888,0.6666666666666665,0.337748344370861
41,Female,4.9,,7.0,6.0,9.0,6.5,,,kaggle,0.7352941176470588,0.16956521739130437,0.6666666666666665,0.5555555555555556,0.8888888888888888,0.6688741721854305
38,Male,4.5,,7.0,6.0,9.0,6.5,,,kaggle,0.6470588235294118,0.15217391304347824,0.6666666666666665,0.5555555555555556,0.8888888888888888,0.6688741721854305
24,Male,5.6,,5.0,8.0,7.0,4.5,,,kaggle,0.23529411764705876,0.19999999999999998,0.4444444444444445,0.7777777777777777,0.6666666666666665,0.4039735099337749
27,Other,4.3,,7.0,7.0,8.0,5.5,,,kaggle,0.32352941176470584,0.1434782608695652,0.6666666666666665,0.6666666666666665,0.7777777777777777,0.5364238410596027
16,Female,5.3,,6.0,6.0,9.0,6.5,,,kaggle,0.0,0.1869565217391304,0.5555555555555556,0.5555555555555556,0.8888888888888888,0.6688741721854305
16,Male,3.6,,7.0,5.0,10.0,7.5,,,kaggle,0.0,0.11304347826086958,0.6666666666666665,0.4444444444444445,1.0,0.8013245033112584
49,Female,5.2,,7.0,8.0,8.0,5.0,,,kaggle,0.9705882352941176,0.1826086956521739,0.6666666666666665,0.7777777777777777,0.7777777777777777,0.4701986754966888
47,Female,6.3,,5.0,8.0,8.0,5.0,,,kaggle,0.9117647058823529,0.23043478260869563,0.4444444444444445,0.7777777777777777,0.7777777777777777,0.4701986754966888
40,Female,4.4,,8.0,7.0,8.0,5.5,,,kaggle,0.7058823529411765,0.14782608695652175,0.7777777777777777,0.6666666666666665,0.7777777777777777,0.5364238410596027
16,Female,5.5,,9.0,5.0,10.0,7.5,,,kaggle,0.0,0.1956521739130435,0.8888888888888888,0.4444444444444445,1.0,0.8013245033112584
31,Male,5.8,,6.0,8.0,7.0,4.5,,,kaggle,0.4411764705882353,0.20869565217391303,0.5555555555555556,0.7777777777777777,0.6666666666666665,0.4039735099337749
20,Male,6.3,,6.0,6.0,8.0,6.0,,,kaggle,0.11764705882352944,0.23043478260869563,0.5555555555555556,0.5555555555555556,0.7777777777777777,0.6026490066225166
37,Male,5.3,,7.0,7.0,8.0,5.5,,,kaggle,0.6176470588235293,0.1869565217391304,0.6666666666666665,0.6666666666666665,0.7777777777777777,0.5364238410596027
44,Female,7.5,,7.0,8.0,9.0,5.5,,,kaggle,0.823529411764706,0.28260869565217395,0.6666666666666665,0.7777777777777777,0.8888888888888888,0.5364238410596027
18,Male,1.7,,9.0,3.0,10.0,8.5,,,kaggle,0.05882352941176472,0.030434782608695643,0.8888888888888888,0.2222222222222222,1.0,0.9337748344370861
27,Male,10.8,,2.0,9.0,5.0,3.0,,,kaggle,0.32352941176470584,0.4260869565217391,0.1111111111111111,0.8888888888888888,0.4444444444444445,0.20529801324503313
41,Male,3.9,,6.0,4.0,9.0,7.5,,,kaggle,0.7352941176470588,0.12608695652173912,0.5555555555555556,0.3333333333333333,0.8888888888888888,0.8013245033112584
31,Female,6.2,,6.0,7.0,8.0,5.5,,,kaggle,0.4411764705882353,0.22608695652173913,0.5555555555555556,0.6666666666666665,0.7777777777777777,0.5364238410596027
37,Female,3.8,,7.0,4.0,10.0,8.0,,,kaggle,0.6176470588235293,0.1217391304347826,0.6666666666666665,0.3333333333333333,1.0,0.8675496688741723
44,Male,6.7,,8.0,6.0,10.0,7.0,,,kaggle,0.823529411764706,0.24782608695652172,0.7777777777777777,0.5555555555555556,1.0,0.7350993377483445
29,Male,6.0,,8.0,7.0,7.0,5.0,,,kaggle,0.38235294117647056,0.21739130434782608,0.7777777777777777,0.6666666666666665,0.6666666666666665,0.4701986754966888
43,Female,4.3,,6.0,3.0,10.0,8.5,,,kaggle,0.7941176470588235,0.1434782608695652,0.5555555555555556,0.2222222222222222,1.0,0.9337748344370861
20,Male,7.4,,4.0,9.0,6.0,3.5,,,kaggle,0.11764705882352944,0.27826086956521745,0.3333333333333333,0.8888888888888888,0.5555555555555556,0.2715231788079471
45,Male,5.2,,7.0,4.0,10.0,8.0,,,kaggle,0.8529411764705882,0.1826086956521739,0.6666666666666665,0.3333333333333333,1.0,0.8675496688741723
20,Male,6.5,,7.0,7.0,7.0,5.0,,,kaggle,0.11764705882352944,0.23913043478260868,0.6666666666666665,0.6666666666666665,0.6666666666666665,0.4701986754966888
27,Male,3.8,,8.0,6.0,10.0,7.0,,,kaggle,0.32352941176470584,0.1217391304347826,0.7777777777777777,0.5555555555555556,1.0,0.7350993377483445
31,Male,5.4,,6.0,7.0,8.0,5.5,,,kaggle,0.4411764705882353,0.19130434782608696,0.5555555555555556,0.6666666666666665,0.7777777777777777,0.5364238410596027
41,Female,9.1,,4.0,9.0,7.0,4.0,,,kaggle,0.7352941176470588,0.3521739130434782,0.3333333333333333,0.8888888888888888,0.6666666666666665,0.337748344370861
41,Male,7.2,,5.0,10.0,7.0,3.5,,,kaggle,0.7352941176470588,0.26956521739130435,0.4444444444444445,1.0,0.6666666666666665,0.2715231788079471
36,Female,6.1,,7.0,7.0,9.0,6.0,,,kaggle,0.5882352941176471,0.22173913043478258,0.6666666666666665,0.6666666666666665,0.8888888888888888,0.6026490066225166
48,Male,4.7,,6.0,7.0,8.0,5.5,,,kaggle,0.9411764705882352,0.16086956521739132,0.5555555555555556,0.6666666666666665,0.7777777777777777,0.5364238410596027
45,Female,5.6,,6.0,6.0,7.0,5.5,,,kaggle,0.8529411764705882,0.19999999999999998,0.5555555555555556,0.5555555555555556,0.6666666666666665,0.5364238410596027
38,Female,5.9,,7.0,7.0,8.0,5.5,,,kaggle,0.6470588235294118,0.21304347826086958,0.6666666666666665,0.6666666666666665,0.7777777777777777,0.5364238410596027
25,Male,6.3,,5.0,9.0,8.0,4.5,,,kaggle,0.2647058823529411,0.23043478260869563,0.4444444444444445,0.8888888888888888,0.7777777777777777,0.4039735099337749
20,Female,3.6,,6.0,5.0,10.0,7.5,,,kaggle,0.11764705882352944,0.11304347826086958,0.5555555555555556,0.4444444444444445,1.0,0.8013245033112584
49,Male,6.7,,6.0,8.0,8.0,5.0,,,kaggle,0.9705882352941176,0.24782608695652172,0.5555555555555556,0.7777777777777777,0.7777777777777777,0.4701986754966888
46,Other,3.5,,7.0,6.0,10.0,7.0,,,kaggle,0.8823529411764707,0.10869565217391305,0.6666666666666665,0.5555555555555556,1.0,0.7350993377483445
25,Male,8.4,,5.0,8.0,8.0,5.0,,,kaggle,0.2647058823529411,0.32173913043478264,0.4444444444444445,0.7777777777777777,0.7777777777777777,0.4701986754966888
34,Male,4.1,,8.0,4.0,10.0,8.0,,,kaggle,0.5294117647058824,0.13478260869565215,0.7777777777777777,0.3333333333333333,1.0,0.8675496688741723
47,Male,6.0,,6.0,7.0,8.0,5.5,,,kaggle,0.9117647058823529,0.21739130434782608,0.5555555555555556,0.6666666666666665,0.7777777777777777,0.5364238410596027
16,Other,7.3,,5.0,9.0,8.0,4.5,,,kaggle,0.0,0.27391304347826084,0.4444444444444445,0.8888888888888888,0.7777777777777777,0.4039735099337749
20,Female,5.0,,6.0,5.0,9.0,7.0,,,kaggle,0.11764705882352944,0.17391304347826086,0.5555555555555556,0.4444444444444445,0.8888888888888888,0.7350993377483445
19,Female,6.1,,6.0,8.0,9.0,5.5,,,kaggle,0.08823529411764708,0.22173913043478258,0.5555555555555556,0.7777777777777777,0.8888888888888888,0.5364238410596027
31,Male,8.1,,5.0,9.0,6.0,3.5,,,kaggle,0.4411764705882353,0.30869565217391304,0.4444444444444445,0.8888888888888888,0.5555555555555556,0.2715231788079471
39,Female,6.5,,5.0,5.0,10.0,7.5,,,kaggle,0.676470588235294,0.23913043478260868,0.4444444444444445,0.4444444444444445,1.0,0.8013245033112584
31,Male,6.1,,6.0,6.0,8.0,6.0,,,kaggle,0.4411764705882353,0.22173913043478258,0.5555555555555556,0.5555555555555556,0.7777777777777777,0.6026490066225166
17,Female,2.5,,9.0,4.0,10.0,8.0,,,kaggle,0.02941176470588236,0.06521739130434782,0.8888888888888888,0.3333333333333333,1.0,0.8675496688741723
43,Male,3.8,,8.0,5.0,10.0,7.5,,,kaggle,0.7941176470588235,0.1217391304347826,0.7777777777777777,0.4444444444444445,1.0,0.8013245033112584
47,Male,7.4,,6.0,7.0,7.0,5.0,,,kaggle,0.9117647058823529,0.27826086956521745,0.5555555555555556,0.6666666666666665,0.6666666666666665,0.4701986754966888
42,Male,6.5,,5.0,7.0,8.0,5.5,,,kaggle,0.7647058823529412,0.23913043478260868,0.4444444444444445,0.6666666666666665,0.7777777777777777,0.5364238410596027
35,Female,6.8,,4.0,9.0,7.0,4.0,,,kaggle,0.5588235294117646,0.25217391304347825,0.3333333333333333,0.8888888888888888,0.6666666666666665,0.337748344370861
27,Male,7.8,,5.0,8.0,6.0,4.0,,,kaggle,0.32352941176470584,0.29565217391304344,0.4444444444444445,0.7777777777777777,0.5555555555555556,0.337748344370861
48,Female,5.0,,8.0,6.0,10.0,7.0,,,kaggle,0.9411764705882352,0.17391304347826086,0.7777777777777777,0.5555555555555556,1.0,0.7350993377483445
48,Male,5.7,,7.0,7.0,9.0,6.0,,,kaggle,0.9411764705882352,0.20434782608695654,0.6666666666666665,0.6666666666666665,0.8888888888888888,0.6026490066225166
27,Female,3.6,,8.0,5.0,10.0,7.5,,,kaggle,0.32352941176470584,0.11304347826086958,0.7777777777777777,0.4444444444444445,1.0,0.8013245033112584
18,Male,3.2,,9.0,5.0,10.0,7.5,,,kaggle,0.05882352941176472,0.09565217391304348,0.8888888888888888,0.4444444444444445,1.0,0.8013245033112584
16,Male,2.5,,8.0,4.0,10.0,8.0,,,kaggle,0.0,0.06521739130434782,0.7777777777777777,0.3333333333333333,1.0,0.8675496688741723
48,Female,3.9,,6.0,5.0,10.0,7.5,,,kaggle,0.9411764705882352,0.12608695652173912,0.5555555555555556,0.4444444444444445,1.0,0.8013245033112584
25,Male,8.3,,5.0,8.0,7.0,4.5,,,kaggle,0.2647058823529411,0.31739130434782614,0.4444444444444445,0.7777777777777777,0.6666666666666665,0.4039735099337749
44,Male,2.7,,9.0,5.0,10.0,7.5,,,kaggle,0.823529411764706,0.07391304347826087,0.8888888888888888,0.4444444444444445,1.0,0.8013245033112584
28,Female,5.0,,7.0,5.0,9.0,7.0,,,kaggle,0.3529411764705882,0.17391304347826086,0.6666666666666665,0.4444444444444445,0.8888888888888888,0.7350993377483445
27,Other,3.2,,9.0,6.0,10.0,7.0,,,kaggle,0.32352941176470584,0.09565217391304348,0.8888888888888888,0.5555555555555556,1.0,0.7350993377483445
46,Male,4.4,,7.0,7.0,8.0,5.5,,,kaggle,0.8823529411764707,0.14782608695652175,0.6666666666666665,0.6666666666666665,0.7777777777777777,0.5364238410596027
17,Male,5.8,,6.0,7.0,9.0,6.0,,,kaggle,0.02941176470588236,0.20869565217391303,0.5555555555555556,0.6666666666666665,0.8888888888888888,0.6026490066225166
38,Female,4.2,,8.0,5.0,10.0,7.5,,,kaggle,0.6470588235294118,0.1391304347826087,0.7777777777777777,0.4444444444444445,1.0,0.8013245033112584
32,Male,7.5,,4.0,7.0,6.0,4.5,,,kaggle,0.47058823529411764,0.28260869565217395,0.3333333333333333,0.6666666666666665,0.5555555555555556,0.4039735099337749
41,Male,8.3,,4.0,10.0,6.0,3.0,,,kaggle,0.7352941176470588,0.31739130434782614,0.3333333333333333,1.0,0.5555555555555556,0.20529801324503313
23,Male,1.5,,9.0,3.0,10.0,8.5,,,kaggle,0.20588235294117652,0.021739130434782608,0.8888888888888888,0.2222222222222222,1.0,0.9337748344370861
44,Female,4.3,,8.0,7.0,10.0,6.5,,,kaggle,0.823529411764706,0.1434782608695652,0.7777777777777777,0.6666666666666665,1.0,0.6688741721854305
25,Male,7.5,,4.0,8.0,7.0,4.5,,,kaggle,0.2647058823529411,0.28260869565217395,0.3333333333333333,0.7777777777777777,0.6666666666666665,0.4039735099337749
41,Male,4.7,,6.0,6.0,9.0,6.5,,,kaggle,0.7352941176470588,0.16086956521739132,0.5555555555555556,0.5555555555555556,0.8888888888888888,0.6688741721854305
49,Male,5.5,,7.0,5.0,10.0,7.5,,,kaggle,0.9705882352941176,0.1956521739130435,0.6666666666666665,0.4444444444444445,1.0,0.8013245033112584
22,Female,3.4,,8.0,6.0,10.0,7.0,,,kaggle,0.17647058823529416,0.1043478260869565,0.7777777777777777,0.5555555555555556,1.0,0.7350993377483445
19,Male,2.7,,8.0,5.0,9.0,7.0,,,kaggle,0.08823529411764708,0.07391304347826087,0.7777777777777777,0.4444444444444445,0.8888888888888888,0.7350993377483445
26,Male,8.1,,5.0,7.0,7.0,5.0,,,kaggle,0.2941176470588235,0.30869565217391304,0.4444444444444445,0.6666666666666665,0.6666666666666665,0.4701986754966888
44,Female,2.2,,9.0,4.0,10.0,8.0,,,kaggle,0.823529411764706,0.052173913043478265,0.8888888888888888,0.3333333333333333,1.0,0.8675496688741723
40,Male,9.7,,4.0,10.0,6.0,3.0,,,kaggle,0.7058823529411765,0.3782608695652173,0.3333333333333333,1.0,0.5555555555555556,0.20529801324503313
36,Female,6.8,,5.0,8.0,8.0,5.0,,,kaggle,0.5882352941176471,0.25217391304347825,0.4444444444444445,0.7777777777777777,0.7777777777777777,0.4701986754966888
25,Male,6.7,,7.0,7.0,8.0,5.5,,,kaggle,0.2647058823529411,0.24782608695652172,0.6666666666666665,0.6666666666666665,0.7777777777777777,0.5364238410596027
24,Male,6.5,,7.0,6.0,7.0,5.5,,,kaggle,0.23529411764705876,0.23913043478260868,0.6666666666666665,0.5555555555555556,0.6666666666666665,0.5364238410596027
39,Male,5.0,,5.0,6.0,8.0,6.0,,,kaggle,0.676470588235294,0.17391304347826086,0.4444444444444445,0.5555555555555556,0.7777777777777777,0.6026490066225166
33,Female,6.2,,6.0,7.0,9.0,6.0,,,kaggle,0.5,0.22608695652173913,0.5555555555555556,0.6666666666666665,0.8888888888888888,0.6026490066225166
47,Female,5.2,,7.0,7.0,9.0,6.0,,,kaggle,0.9117647058823529,0.1826086956521739,0.6666666666666665,0.6666666666666665,0.8888888888888888,0.6026490066225166
39,Female,6.5,,5.0,7.0,8.0,5.5,,,kaggle,0.676470588235294,0.23913043478260868,0.4444444444444445,0.6666666666666665,0.7777777777777777,0.5364238410596027
38,Male,5.4,,8.0,9.0,8.0,4.5,,,kaggle,0.6470588235294118,0.19130434782608696,0.7777777777777777,0.8888888888888888,0.7777777777777777,0.4039735099337749
47,Female,3.8,,8.0,4.0,10.0,8.0,,,kaggle,0.9117647058823529,0.1217391304347826,0.7777777777777777,0.3333333333333333,1.0,0.8675496688741723
27,Male,3.9,,7.0,5.0,10.0,7.5,,,kaggle,0.32352941176470584,0.12608695652173912,0.6666666666666665,0.4444444444444445,1.0,0.8013245033112584
28,Male,3.7,,8.0,5.0,10.0,7.5,,,kaggle,0.3529411764705882,0.1173913043478261,0.7777777777777777,0.4444444444444445,1.0,0.8013245033112584
38,Female,7.2,,5.0,8.0,9.0,5.5,,,kaggle,0.6470588235294118,0.26956521739130435,0.4444444444444445,0.7777777777777777,0.8888888888888888,0.5364238410596027
40,Male,4.4,,7.0,5.0,10.0,7.5,,,kaggle,0.7058823529411765,0.14782608695652175,0.6666666666666665,0.4444444444444445,1.0,0.8013245033112584
45,Male,2.1,,10.0,5.0,10.0,7.5,,,kaggle,0.8529411764705882,0.04782608695652174,1.0,0.4444444444444445,1.0,0.8013245033112584
32,Male,6.2,,6.0,8.0,7.0,4.5,,,kaggle,0.47058823529411764,0.22608695652173913,0.5555555555555556,0.7777777777777777,0.6666666666666665,0.4039735099337749
35,Male,8.2,,4.0,9.0,6.0,3.5,,,kaggle,0.5588235294117646,0.31304347826086953,0.3333333333333333,0.8888888888888888,0.5555555555555556,0.2715231788079471
40,Male,6.9,,3.0,8.0,6.0,4.0,,,kaggle,0.7058823529411765,0.25652173913043474,0.2222222222222222,0.7777777777777777,0.5555555555555556,0.337748344370861
37,Female,4.4,,7.0,6.0,10.0,7.0,,,kaggle,0.6176470588235293,0.14782608695652175,0.6666666666666665,0.5555555555555556,1.0,0.7350993377483445
28,Male,2.6,,10.0,3.0,10.0,8.5,,,kaggle,0.3529411764705882,0.06956521739130435,1.0,0.2222222222222222,1.0,0.9337748344370861
34,Female,5.3,,6.0,6.0,8.0,6.0,,,kaggle,0.5294117647058824,0.1869565217391304,0.5555555555555556,0.5555555555555556,0.7777777777777777,0.6026490066225166
27,Female,5.2,,4.0,7.0,9.0,6.0,,,kaggle,0.32352941176470584,0.1826086956521739,0.3333333333333333,0.6666666666666665,0.8888888888888888,0.6026490066225166
34,Male,3.8,,7.0,6.0,10.0,7.0,,,kaggle,0.5294117647058824,0.1217391304347826,0.6666666666666665,0.5555555555555556,1.0,0.7350993377483445
27,Male,6.5,,7.0,7.0,10.0,6.5,,,kaggle,0.32352941176470584,0.23913043478260868,0.6666666666666665,0.6666666666666665,1.0,0.6688741721854305
24,Male,8.8,,5.0,9.0,6.0,3.5,,,kaggle,0.23529411764705876,0.33913043478260874,0.4444444444444445,0.8888888888888888,0.5555555555555556,0.2715231788079471
22,Female,5.9,,5.0,6.0,9.0,6.5,,,kaggle,0.17647058823529416,0.21304347826086958,0.4444444444444445,0.5555555555555556,0.8888888888888888,0.6688741721854305
43,Male,5.8,,6.0,7.0,9.0,6.0,,,kaggle,0.7941176470588235,0.20869565217391303,0.5555555555555556,0.6666666666666665,0.8888888888888888,0.6026490066225166
29,Female,3.8,,7.0,6.0,8.0,6.0,,,kaggle,0.38235294117647056,0.1217391304347826,0.6666666666666665,0.5555555555555556,0.7777777777777777,0.6026490066225166
46,Male,8.0,,4.0,8.0,9.0,5.5,,,kaggle,0.8823529411764707,0.30434782608695654,0.3333333333333333,0.7777777777777777,0.8888888888888888,0.5364238410596027
34,Female,5.4,,4.0,5.0,10.0,7.5,,,kaggle,0.5294117647058824,0.19130434782608696,0.3333333333333333,0.4444444444444445,1.0,0.8013245033112584
31,Male,4.5,,8.0,5.0,10.0,7.5,,,kaggle,0.4411764705882353,0.15217391304347824,0.7777777777777777,0.4444444444444445,1.0,0.8013245033112584
20,Male,5.6,,8.0,8.0,8.0,5.0,,,kaggle,0.11764705882352944,0.19999999999999998,0.7777777777777777,0.7777777777777777,0.7777777777777777,0.4701986754966888
27,Other,6.3,,4.0,9.0,6.0,3.5,,,kaggle,0.32352941176470584,0.23043478260869563,0.3333333333333333,0.8888888888888888,0.5555555555555556,0.2715231788079471
40,Female,5.8,,7.0,8.0,8.0,5.0,,,kaggle,0.7058823529411765,0.20869565217391303,0.6666666666666665,0.7777777777777777,0.7777777777777777,0.4701986754966888
36,Male,7.7,,5.0,8.0,8.0,5.0,,,kaggle,0.5882352941176471,0.29130434782608694,0.4444444444444445,0.7777777777777777,0.7777777777777777,0.4701986754966888
38,Female,6.2,,7.0,6.0,10.0,7.0,,,kaggle,0.6470588235294118,0.22608695652173913,0.6666666666666665,0.5555555555555556,1.0,0.7350993377483445
31,Female,5.0,,7.0,6.0,10.0,7.0,,,kaggle,0.4411764705882353,0.17391304347826086,0.6666666666666665,0.5555555555555556,1.0,0.7350993377483445
29,Female,6.2,,6.0,9.0,8.0,4.5,,,kaggle,0.38235294117647056,0.22608695652173913,0.5555555555555556,0.8888888888888888,0.7777777777777777,0.4039735099337749
46,Female,6.4,,6.0,8.0,8.0,5.0,,,kaggle,0.8823529411764707,0.23478260869565218,0.5555555555555556,0.7777777777777777,0.7777777777777777,0.4701986754966888
20,Male,3.2,,7.0,5.0,9.0,7.0,,,kaggle,0.11764705882352944,0.09565217391304348,0.6666666666666665,0.4444444444444445,0.8888888888888888,0.7350993377483445
38,Male,7.6,,6.0,9.0,8.0,4.5,,,kaggle,0.6470588235294118,0.28695652173913044,0.5555555555555556,0.8888888888888888,0.7777777777777777,0.4039735099337749
44,Male,5.0,,6.0,5.0,10.0,7.5,,,kaggle,0.823529411764706,0.17391304347826086,0.5555555555555556,0.4444444444444445,1.0,0.8013245033112584
26,Female,5.0,,6.0,6.0,10.0,7.0,,,kaggle,0.2941176470588235,0.17391304347826086,0.5555555555555556,0.5555555555555556,1.0,0.7350993377483445
33,Female,6.9,,6.0,7.0,7.0,5.0,,,kaggle,0.5,0.25652173913043474,0.5555555555555556,0.6666666666666665,0.6666666666666665,0.4701986754966888
27,Male,6.8,,5.0,8.0,7.0,4.5,,,kaggle,0.32352941176470584,0.25217391304347825,0.4444444444444445,0.7777777777777777,0.6666666666666665,0.4039735099337749
24,Male,4.2,,8.0,7.0,7.0,5.0,,,kaggle,0.23529411764705876,0.1391304347826087,0.7777777777777777,0.6666666666666665,0.6666666666666665,0.4701986754966888
25,Female,6.9,,7.0,7.0,9.0,6.0,,,kaggle,0.2647058823529411,0.25652173913043474,0.6666666666666665,0.6666666666666665,0.8888888888888888,0.6026490066225166
32,Other,4.5,,8.0,5.0,10.0,7.5,,,kaggle,0.47058823529411764,0.15217391304347824,0.7777777777777777,0.4444444444444445,1.0,0.8013245033112584
22,Female,8.8,,2.0,9.0,7.0,4.0,,,kaggle,0.17647058823529416,0.33913043478260874,0.1111111111111111,0.8888888888888888,0.6666666666666665,0.337748344370861
28,Male,4.0,,7.0,5.0,9.0,7.0,,,kaggle,0.3529411764705882,0.13043478260869565,0.6666666666666665,0.4444444444444445,0.8888888888888888,0.7350993377483445
24,Male,5.9,,7.0,6.0,8.0,6.0,,,kaggle,0.23529411764705876,0.21304347826086958,0.6666666666666665,0.5555555555555556,0.7777777777777777,0.6026490066225166
42,Male,4.1,,6.0,6.0,9.0,6.5,,,kaggle,0.7647058823529412,0.13478260869565215,0.5555555555555556,0.5555555555555556,0.8888888888888888,0.6688741721854305
17,Female,9.5,,4.0,9.0,4.0,2.5,,,kaggle,0.02941176470588236,0.3695652173913043,0.3333333333333333,0.8888888888888888,0.3333333333333333,0.13907284768211922
20,Male,3.3,,8.0,4.0,10.0,8.0,,,kaggle,0.11764705882352944,0.09999999999999998,0.7777777777777777,0.3333333333333333,1.0,0.8675496688741723
44,Female,6.4,,5.0,6.0,6.0,5.0,,,kaggle,0.823529411764706,0.23478260869565218,0.4444444444444445,0.5555555555555556,0.5555555555555556,0.4701986754966888
34,Male,4.2,,8.0,4.0,10.0,8.0,,,kaggle,0.5294117647058824,0.1391304347826087,0.7777777777777777,0.3333333333333333,1.0,0.8675496688741723
23,Female,4.9,,7.0,7.0,7.0,5.0,,,kaggle,0.20588235294117652,0.16956521739130437,0.6666666666666665,0.6666666666666665,0.6666666666666665,0.4701986754966888
16,Female,6.3,,6.0,7.0,8.0,5.5,,,kaggle,0.0,0.23043478260869563,0.5555555555555556,0.6666666666666665,0.7777777777777777,0.5364238410596027
37,Female,7.7,,4.0,8.0,8.0,5.0,,,kaggle,0.6176470588235293,0.29130434782608694,0.3333333333333333,0.7777777777777777,0.7777777777777777,0.4701986754966888
32,Male,8.4,,5.0,9.0,7.0,4.0,,,kaggle,0.47058823529411764,0.32173913043478264,0.4444444444444445,0.8888888888888888,0.6666666666666665,0.337748344370861
22,Male,2.7,,6.0,6.0,8.0,6.0,,,kaggle,0.17647058823529416,0.07391304347826087,0.5555555555555556,0.5555555555555556,0.7777777777777777,0.6026490066225166
40,Male,6.0,,4.0,6.0,8.0,6.0,,,kaggle,0.7058823529411765,0.21739130434782608,0.3333333333333333,0.5555555555555556,0.7777777777777777,0.6026490066225166
19,Female,8.1,,5.0,9.0,7.0,4.0,,,kaggle,0.08823529411764708,0.30869565217391304,0.4444444444444445,0.8888888888888888,0.6666666666666665,0.337748344370861
21,Female,2.5,,9.0,3.0,10.0,8.5,,,kaggle,0.1470588235294118,0.06521739130434782,0.8888888888888888,0.2222222222222222,1.0,0.9337748344370861
46,Female,6.1,,6.0,8.0,6.0,4.0,,,kaggle,0.8823529411764707,0.22173913043478258,0.5555555555555556,0.7777777777777777,0.5555555555555556,0.337748344370861
34,Female,5.5,,6.0,5.0,10.0,7.5,,,kaggle,0.5294117647058824,0.1956521739130435,0.5555555555555556,0.4444444444444445,1.0,0.8013245033112584
42,Female,6.2,,6.0,6.0,6.0,5.0,,,kaggle,0.7647058823529412,0.22608695652173913,0.5555555555555556,0.5555555555555556,0.5555555555555556,0.4701986754966888
25,Male,4.1,,6.0,5.0,9.0,7.0,,,kaggle,0.2647058823529411,0.13478260869565215,0.5555555555555556,0.4444444444444445,0.8888888888888888,0.7350993377483445
41,Female,2.9,,8.0,3.0,10.0,8.5,,,kaggle,0.7352941176470588,0.08260869565217391,0.7777777777777777,0.2222222222222222,1.0,0.9337748344370861
34,Male,2.1,,9.0,4.0,10.0,8.0,,,kaggle,0.5294117647058824,0.04782608695652174,0.8888888888888888,0.3333333333333333,1.0,0.8675496688741723
18,Male,7.3,,5.0,8.0,7.0,4.5,,,kaggle,0.05882352941176472,0.27391304347826084,0.4444444444444445,0.7777777777777777,0.6666666666666665,0.4039735099337749
28,Female,7.5,,6.0,8.0,6.0,4.0,,,kaggle,0.3529411764705882,0.28260869565217395,0.5555555555555556,0.7777777777777777,0.5555555555555556,0.337748344370861
43,Male,6.0,,6.0,5.0,9.0,7.0,,,kaggle,0.7941176470588235,0.21739130434782608,0.5555555555555556,0.4444444444444445,0.8888888888888888,0.7350993377483445
35,Male,4.5,,7.0,8.0,8.0,5.0,,,kaggle,0.5588235294117646,0.15217391304347824,0.6666666666666665,0.7777777777777777,0.7777777777777777,0.4701986754966888
43,Female,2.6,,9.0,5.0,10.0,7.5,,,kaggle,0.7941176470588235,0.06956521739130435,0.8888888888888888,0.4444444444444445,1.0,0.8013245033112584
23,Male,6.5,,5.0,10.0,5.0,2.5,,,kaggle,0.20588235294117652,0.23913043478260868,0.4444444444444445,1.0,0.4444444444444445,0.13907284768211922
16,Female,3.5,,8.0,5.0,10.0,7.5,,,kaggle,0.0,0.10869565217391305,0.7777777777777777,0.4444444444444445,1.0,0.8013245033112584
18,Male,4.2,,7.0,7.0,10.0,6.5,,,kaggle,0.05882352941176472,0.1391304347826087,0.6666666666666665,0.6666666666666665,1.0,0.6688741721854305
28,Male,4.4,,7.0,7.0,8.0,5.5,,,kaggle,0.3529411764705882,0.14782608695652175,0.6666666666666665,0.6666666666666665,0.7777777777777777,0.5364238410596027
43,Male,5.1,,6.0,6.0,9.0,6.5,,,kaggle,0.7941176470588235,0.17826086956521736,0.5555555555555556,0.5555555555555556,0.8888888888888888,0.6688741721854305
40,Male,4.1,,6.0,7.0,10.0,6.5,,,kaggle,0.7058823529411765,0.13478260869565215,0.5555555555555556,0.6666666666666665,1.0,0.6688741721854305
48,Female,5.6,,6.0,6.0,8.0,6.0,,,kaggle,0.9411764705882352,0.19999999999999998,0.5555555555555556,0.5555555555555556,0.7777777777777777,0.6026490066225166
21,Male,4.4,,5.0,6.0,7.0,5.5,,,kaggle,0.1470588235294118,0.14782608695652175,0.4444444444444445,0.5555555555555556,0.6666666666666665,0.5364238410596027
47,Female,6.8,,5.0,4.0,10.0,8.0,,,kaggle,0.9117647058823529,0.25217391304347825,0.4444444444444445,0.3333333333333333,1.0,0.8675496688741723
36,Female,7.4,,3.0,8.0,5.0,3.5,,,kaggle,0.5882352941176471,0.27826086956521745,0.2222222222222222,0.7777777777777777,0.4444444444444445,0.2715231788079471
31,Female,5.7,,7.0,5.0,10.0,7.5,,,kaggle,0.4411764705882353,0.20434782608695654,0.6666666666666665,0.4444444444444445,1.0,0.8013245033112584
36,Female,6.3,,7.0,7.0,8.0,5.5,,,kaggle,0.5882352941176471,0.23043478260869563,0.6666666666666665,0.6666666666666665,0.7777777777777777,0.5364238410596027
26,Female,9.3,,3.0,8.0,6.0,4.0,,,kaggle,0.2941176470588235,0.36086956521739133,0.2222222222222222,0.7777777777777777,0.5555555555555556,0.337748344370861
34,Male,3.4,,8.0,5.0,10.0,7.5,,,kaggle,0.5294117647058824,0.1043478260869565,0.7777777777777777,0.4444444444444445,1.0,0.8013245033112584
35,Male,3.3,,9.0,6.0,10.0,7.0,,,kaggle,0.5588235294117646,0.09999999999999998,0.8888888888888888,0.5555555555555556,1.0,0.7350993377483445
33,Male,6.8,,6.0,8.0,9.0,5.5,,,kaggle,0.5,0.25217391304347825,0.5555555555555556,0.7777777777777777,0.8888888888888888,0.5364238410596027
29,Female,9.0,,4.0,10.0,4.0,2.0,,,kaggle,0.38235294117647056,0.34782608695652173,0.3333333333333333,1.0,0.3333333333333333,0.07284768211920531
30,Male,5.0,,7.0,8.0,7.0,4.5,,,kaggle,0.4117647058823529,0.17391304347826086,0.6666666666666665,0.7777777777777777,0.6666666666666665,0.4039735099337749
46,Female,8.6,,4.0,8.0,4.0,3.0,,,kaggle,0.8823529411764707,0.33043478260869563,0.3333333333333333,0.7777777777777777,0.3333333333333333,0.20529801324503313
16,Female,5.7,,6.0,6.0,8.0,6.0,,,kaggle,0.0,0.20434782608695654,0.5555555555555556,0.5555555555555556,0.7777777777777777,0.6026490066225166
18,Male,4.3,,7.0,7.0,10.0,6.5,,,kaggle,0.05882352941176472,0.1434782608695652,0.6666666666666665,0.6666666666666665,1.0,0.6688741721854305
31,Female,3.7,,7.0,7.0,9.0,6.0,,,kaggle,0.4411764705882353,0.1173913043478261,0.6666666666666665,0.6666666666666665,0.8888888888888888,0.6026490066225166
38,Male,6.6,,6.0,8.0,7.0,4.5,,,kaggle,0.6470588235294118,0.24347826086956517,0.5555555555555556,0.7777777777777777,0.6666666666666665,0.4039735099337749
26,Male,3.9,,8.0,5.0,10.0,7.5,,,kaggle,0.2941176470588235,0.12608695652173912,0.7777777777777777,0.4444444444444445,1.0,0.8013245033112584
27,Female,5.6,,7.0,7.0,8.0,5.5,,,kaggle,0.32352941176470584,0.19999999999999998,0.6666666666666665,0.6666666666666665,0.7777777777777777,0.5364238410596027
25,Female,8.4,,5.0,9.0,7.0,4.0,,,kaggle,0.2647058823529411,0.32173913043478264,0.4444444444444445,0.8888888888888888,0.6666666666666665,0.337748344370861
47,Female,4.9,,7.0,7.0,10.0,6.5,,,kaggle,0.9117647058823529,0.16956521739130437,0.6666666666666665,0.6666666666666665,1.0,0.6688741721854305
31,Male,7.9,,5.0,8.0,6.0,4.0,,,kaggle,0.4411764705882353,0.30000000000000004,0.4444444444444445,0.7777777777777777,0.5555555555555556,0.337748344370861
23,Male,3.3,,10.0,4.0,10.0,8.0,,,kaggle,0.20588235294117652,0.09999999999999998,1.0,0.3333333333333333,1.0,0.8675496688741723
27,Female,4.5,,5.0,7.0,9.0,6.0,,,kaggle,0.32352941176470584,0.15217391304347824,0.4444444444444445,0.6666666666666665,0.8888888888888888,0.6026490066225166
39,Female,3.0,,7.0,2.0,10.0,9.0,,,kaggle,0.676470588235294,0.08695652173913043,0.6666666666666665,0.1111111111111111,1.0,1.0
43,Female,5.6,,8.0,6.0,10.0,7.0,,,kaggle,0.7941176470588235,0.19999999999999998,0.7777777777777777,0.5555555555555556,1.0,0.7350993377483445
23,Male,6.9,,5.0,7.0,10.0,6.5,,,kaggle,0.20588235294117652,0.25652173913043474,0.4444444444444445,0.6666666666666665,1.0,0.6688741721854305
43,Female,5.6,,7.0,6.0,9.0,6.5,,,kaggle,0.7941176470588235,0.19999999999999998,0.6666666666666665,0.5555555555555556,0.8888888888888888,0.6688741721854305
41,Male,7.7,,5.0,7.0,8.0,5.5,,,kaggle,0.7352941176470588,0.29130434782608694,0.4444444444444445,0.6666666666666665,0.7777777777777777,0.5364238410596027
23,Male,4.2,,9.0,7.0,9.0,6.0,,,kaggle,0.20588235294117652,0.1391304347826087,0.8888888888888888,0.6666666666666665,0.8888888888888888,0.6026490066225166
43,Female,5.9,,5.0,8.0,7.0,4.5,,,kaggle,0.7941176470588235,0.21304347826086958,0.4444444444444445,0.7777777777777777,0.6666666666666665,0.4039735099337749
